t,x,y,z
0,0,0,0
0.01,1.735268769e-09,9.278517161e-09,0
0.02,2.809203478e-08,1.535937275e-07,0
0.03,1.372024414e-07,7.643770646e-07,0
0.04,4.186736438e-07,2.378060995e-06,0
0.05,9.861323074e-07,5.713732054e-06,0
0.06,1.971492121e-06,1.165923325e-05,0
0.07,3.518977405e-06,2.125439174e-05,0
0.08,5.779708273e-06,3.567605556e-05,0
0.09,8.906565225e-06,5.622334354e-05,0
0.1,1.304940979e-05,8.430358388e-05,0
0.11,1.835062984e-05,0.0001214187928,0
0.12,2.494100865e-05,0.0001691527223,0
0.13,3.293590886e-05,0.0002291584566,0
0.14,4.243176419e-05,0.000303146552,0
0.15,5.350287155e-05,0.0003928737084,0
0.16,6.619847627e-05,0.0005001319646,0
0.17,8.054014298e-05,0.0006267384067,0
0.18,9.651940392e-05,0.0007745253813,0
0.19,0.0001140956761,0.0009453312017,0
0.2,0.0001331944475,0.001140991338,0
0.21,0.0001537057185,0.00136333009,0
0.22,0.000175482691,0.001614152718,0
0.23,0.0001983406995,0.001895238044,0
0.24,0.0002220563767,0.002208331487,0
0.25,0.0002463670445,0.002555138548,0
0.26,0.0002709703263,0.002937318719,0
0.27,0.0002955239704,0.003356479806,0
0.28,0.0003196458784,0.003814172676,0
0.29,0.0003429143305,0.004311886389,0
0.3,0.0003648684023,0.004851043734,0
0.31,0.0003850085627,0.005432997141,0
0.32,0.0004027974479,0.006059024964,0
0.33,0.0004176608036,0.00673032813,0
0.34,0.0004289885874,0.007448027142,0
0.35,0.000436136224,0.008213159421,0
0.36,0.0004384260048,0.009026676982,0
0.37,0.000435148631,0.009889444444,0
0.38,0.0004255648871,0.01080223736,0
0.39,0.0004089074364,0.01176574082,0
0.4,0.0003843827327,0.01278054844,0
0.41,0.000351173042,0.01384716149,0
0.42,0.0003084385656,0.01496598849,0
0.43,0.0002553196574,0.01613734483,0
0.44,0.000190939129,0.01736145294,0
0.45,0.0001144046333,0.01863844248,0
0.46,2.481112184e-05,0.01996835084,0
0.47,-7.875663381e-05,0.02135112393,0
0.48,-0.0001972214625,0.02278661711,0
0.49,-0.0003315111639,0.02427459636,0
0.5,-0.0004825558357,0.02581473973,0
0.51,-0.0006512851656,0.02740663878,0
0.52,-0.0008386256945,0.02904980048,0
0.53,-0.001045498058,0.03074364902,0
0.54,-0.001272814214,0.03248752801,0
0.55,-0.001521474668,0.03428070264,0
0.56,-0.001792365697,0.03612236217,0
0.57,-0.002086356577,0.03801162238,0
0.58,-0.002404296841,0.0399475283,0
0.59,-0.002747013541,0.04192905696,0
0.6,-0.003115308558,0.04395512031,0
0.61,-0.003509955939,0.04602456817,0
0.62,-0.003931699282,0.04813619132,0
0.63,-0.004381249177,0.05028872468,0
0.64,-0.004859280702,0.05248085053,0
0.65,-0.005366430991,0.0547112018,0
0.66,-0.005903296873,0.05697836543,0
0.67,-0.006470432596,0.05928088572,0
0.68,-0.007068347637,0.0616172678,0
0.69,-0.007697504613,0.06398598105,0
0.7,-0.008358317286,0.06638546254,0
0.71,-0.009051148694,0.06881412055,0
0.72,-0.009776309394,0.07127033796,0
0.73,-0.01053405583,0.07375247579,0
0.74,-0.01132458886,0.07625887652,0
0.75,-0.01214805234,0.07878786756,0
0.76,-0.01300453199,0.08133776457,0
0.77,-0.0138940543,0.08390687477,0
0.78,-0.01481658565,0.08649350012,0
0.79,-0.01577203159,0.0890959406,0
0.8,-0.01676023632,0.09171249718,0
0.81,-0.01778098227,0.09434147489,0
0.82,-0.01883399005,0.09698118571,0
0.83,-0.01991891836,0.09962995132,0
0.84,-0.02103536434,0.1022861059,0
0.85,-0.02218286397,0.1049479983,0
0.86,-0.02336089275,0.1076139952,0
0.87,-0.02456886664,0.1102824825,0
0.88,-0.02580614315,0.1129518681,0
0.89,-0.02707202284,0.1156205834,0
0.9,-0.02836575082,0.1182870853,0
0.91,-0.02968651877,0.1209498579,0
0.92,-0.03103346706,0.1236074138,0
0.93,-0.03240568716,0.1262582949,0
0.94,-0.03380222441,0.1289010739,0
0.95,-0.03522208103,0.1315343551,0
0.96,-0.03666421935,0.1341567744,0
0.97,-0.03812756529,0.1367670002,0
0.98,-0.03961101174,0.1393637335,0
0.99,-0.04111342178,0.1419457084,0
1,-0.04263363199,0.144511692,0
1.01,-0.04417045543,0.1470604852,0
1.02,-0.04572268472,0.1495909224,0
1.03,-0.0472890949,0.152101872,0
1.04,-0.0488684463,0.1545922369,0
1.05,-0.05045948723,0.1570609539,0
1.06,-0.05206095664,0.1595069945,0
1.07,-0.05367158668,0.1619293646,0
1.08,-0.05529010515,0.164327105,0
1.09,-0.05691523787,0.1666992912,0
1.1,-0.05854571103,0.1690450334,0
1.11,-0.06018025335,0.1713634769,0
1.12,-0.06181759822,0.1736538016,0
1.13,-0.06345648576,0.1759152224,0
1.14,-0.06509566482,0.1781469892,0
1.15,-0.0667338948,0.1803483863,0
1.16,-0.06836994752,0.1825187332,0
1.17,-0.07000260895,0.1846573837,0
1.18,-0.07163068083,0.1867637262,0
1.19,-0.07325298232,0.1888371837,0
1.2,-0.07486835146,0.1908772133,0
1.21,-0.07647564665,0.1928833062,0
1.22,-0.07807374798,0.1948549877,0
1.23,-0.07966155858,0.1967918168,0
1.24,-0.08123800581,0.1986933859,0
1.25,-0.08280204244,0.200559321,0
1.26,-0.08435264772,0.2023892809,0
1.27,-0.08588882849,0.2041829574,0
1.28,-0.08740962005,0.2059400747,0
1.29,-0.08891408712,0.2076603893,0
1.3,-0.09040132466,0.2093436898,0
1.31,-0.09187045865,0.2109897961,0
1.32,-0.09332064686,0.2125985598,0
1.33,-0.09475107944,0.214169863,0
1.34,-0.09616097954,0.2157036189,0
1.35,-0.09754960392,0.2171997704,0
1.36,-0.09891624334,0.2186582907,0
1.37,-0.1002602231,0.2200791819,0
1.38,-0.1015809033,0.2214624756,0
1.39,-0.1028776795,0.2228082318,0
1.4,-0.1041499824,0.2241165386,0
1.41,-0.1053972785,0.2253875119,0
1.42,-0.1066190705,0.2266212946,0
1.43,-0.1078148969,0.2278180569,0
1.44,-0.1089843323,0.2289779949,0
1.45,-0.1101269875,0.2301013304,0
1.46,-0.1112425096,0.231188311,0
1.47,-0.1123305816,0.2322392086,0
1.48,-0.1133909229,0.2332543195,0
1.49,-0.1144232883,0.2342339642,0
1.5,-0.1154274689,0.2351784858,0
1.51,-0.116403291,0.2360882505,0
1.52,-0.1173506161,0.2369636464,0
1.53,-0.1182693411,0.2378050832,0
1.54,-0.1191593973,0.2386129919,0
1.55,-0.1200207506,0.2393878235,0
1.56,-0.1208534004,0.2401300493,0
1.57,-0.1216573802,0.2408401594,0
1.58,-0.1224327562,0.2415186628,0
1.59,-0.1231796276,0.2421660869,0
1.6,-0.1238981255,0.242782976,0
1.61,-0.1245884125,0.2433698917,0
1.62,-0.1252506825,0.2439274117,0
1.63,-0.1258851596,0.2444561295,0
1.64,-0.126492098,0.2449566533,0
1.65,-0.1270717809,0.2454296062,0
1.66,-0.1276245202,0.2458756247,0
1.67,-0.1281506555,0.2462953587,0
1.68,-0.1286505539,0.2466894703,0
1.69,-0.1291246086,0.2470586339,0
1.7,-0.1295732389,0.247403535,0
1.71,-0.1299968889,0.2477248696,0
1.72,-0.1303960271,0.248023344,0
1.73,-0.1307711453,0.2482996734,0
1.74,-0.131122758,0.2485545821,0
1.75,-0.1314514017,0.2487888023,0
1.76,-0.131757634,0.2490030737,0
1.77,-0.1320420324,0.2491981428,0
1.78,-0.1323051942,0.249374762,0
1.79,-0.1325477352,0.2495336898,0
1.8,-0.1327702887,0.2496756888,0
1.81,-0.1329735052,0.2498015266,0
1.82,-0.1331580509,0.2499119738,0
1.83,-0.1333246075,0.2500078045,0
1.84,-0.1334738707,0.2500897949,0
1.85,-0.1336065501,0.2501587228,0
1.86,-0.1337233675,0.2502153675,0
1.87,-0.1338250564,0.2502605084,0
1.88,-0.1339123615,0.250294925,0
1.89,-0.1339860373,0.2503193961,0
1.9,-0.1340468477,0.2503346991,0
1.91,-0.1340955646,0.2503416094,0
1.92,-0.1341329678,0.2503408999,0
1.93,-0.1341598435,0.2503333405,0
1.94,-0.134176984,0.2503196975,0
1.95,-0.1341851864,0.2503007327,0
1.96,-0.1341852524,0.2502772031,0
1.97,-0.1341779868,0.2502498602,0
1.98,-0.1341641974,0.25021945,0
1.99,-0.1341446939,0.2501867115,0
2,-0.1341202873,0.2501523768,0
2.01,-0.134091789,0.2501171705,0
2.02,-0.1340600101,0.2500818091,0
2.03,-0.1340257611,0.2500470003,0
2.04,-0.1339898507,0.250013443,0
2.05,-0.1339530858,0.2499818262,0
2.06,-0.1339162699,0.2499528289,0
2.07,-0.1338802036,0.2499271196,0
2.08,-0.1338456834,0.2499053556,0
2.09,-0.1338135012,0.2498881828,0
2.1,-0.1337844439,0.2498762354,0
2.11,-0.1337592925,0.249870135,0
2.12,-0.1337388222,0.249870491,0
2.13,-0.1337238013,0.2498778992,0
2.14,-0.1337149913,0.2498929426,0
2.15,-0.1337131455,0.2499161903,0
2.16,-0.1337190094,0.2499481975,0
2.17,-0.1337333203,0.249989505,0
2.18,-0.1337568059,0.2500406393,0
2.19,-0.133790185,0.2501021121,0
2.2,-0.1338341662,0.2501744201,0
2.21,-0.1338894483,0.2502580446,0
2.22,-0.1339567193,0.250353452,0
2.23,-0.1340366559,0.2504610927,0
2.24,-0.1341299242,0.2505814015,0
2.25,-0.1342371783,0.2507147973,0
2.26,-0.1343590601,0.2508616832,0
2.27,-0.1344961994,0.2510224458,0
2.28,-0.1346492136,0.2511974558,0
2.29,-0.1348187069,0.2513870675,0
2.3,-0.1350052705,0.2515916188,0
2.31,-0.1352094822,0.2518114312,0
2.32,-0.1354319058,0.2520468098,0
2.33,-0.1356730915,0.2522980428,0
2.34,-0.1359335754,0.2525654026,0
2.35,-0.1362138787,0.2528491444,0
2.36,-0.1365145086,0.2531495074,0
2.37,-0.1368359572,0.253466714,0
2.38,-0.1371787017,0.2538009704,0
2.39,-0.137543204,0.2541524662,0
2.4,-0.1379299111,0.254521375,0
2.41,-0.1383392541,0.2549078536,0
2.42,-0.1387716489,0.2553120434,0
2.43,-0.1392274952,0.255734069,0
2.44,-0.1397071772,0.2561740395,0
2.45,-0.1402110632,0.2566320482,0
2.46,-0.1407395051,0.2571081724,0
2.47,-0.1412928391,0.257602474,0
2.48,-0.1418713849,0.2581149995,0
2.49,-0.1424754459,0.2586457803,0
2.5,-0.1431053093,0.2591948325,0
2.51,-0.1437612459,0.2597621572,0
2.52,-0.14444351,0.2603477413,0
2.53,-0.1451523394,0.2609515566,0
2.54,-0.1458879558,0.261573561,0
2.55,-0.1466505638,0.2622136981,0
2.56,-0.1474403521,0.2628718978,0
2.57,-0.1482574925,0.2635480762,0
2.58,-0.1491021404,0.264242136,0
2.59,-0.1499744353,0.2649539669,0
2.6,-0.1508744995,0.2656834457,0
2.61,-0.1518024394,0.2664304362,0
2.62,-0.1527583451,0.2671947904,0
2.63,-0.1537422905,0.2679763475,0
2.64,-0.154754333,0.2687749355,0
2.65,-0.1557945141,0.2695903704,0
2.66,-0.1568628596,0.2704224573,0
2.67,-0.1579593787,0.2712709899,0
2.68,-0.1590840652,0.2721357516,0
2.69,-0.1602368975,0.2730165153,0
2.7,-0.1614178375,0.2739130438,0
2.71,-0.1626268325,0.2748250901,0
2.72,-0.1638638139,0.2757523977,0
2.73,-0.1651286982,0.2766947012,0
2.74,-0.1664213865,0.2776517263,0
2.75,-0.1677417653,0.2786231901,0
2.76,-0.169089706,0.2796088017,0
2.77,-0.1704650659,0.2806082622,0
2.78,-0.1718676871,0.2816212653,0
2.79,-0.1732973981,0.2826474977,0
2.8,-0.1747540129,0.283686639,0
2.81,-0.176237332,0.2847383623,0
2.82,-0.1777471417,0.2858023347,0
2.83,-0.179283215,0.2868782176,0
2.84,-0.1808453119,0.2879656666,0
2.85,-0.1824331788,0.2890643323,0
2.86,-0.1840465495,0.2901738606,0
2.87,-0.1856851451,0.291293893,0
2.88,-0.1873486741,0.2924240664,0
2.89,-0.1890368331,0.2935640145,0
2.9,-0.1907493064,0.2947133671,0
2.91,-0.1924857668,0.2958717514,0
2.92,-0.1942458755,0.2970387912,0
2.93,-0.1960292824,0.2982141083,0
2.94,-0.1978356266,0.2993973223,0
2.95,-0.1996645363,0.300588051,0
2.96,-0.2015156291,0.3017859106,0
2.97,-0.2033885129,0.3029905165,0
2.98,-0.2052827852,0.3042014828,0
2.99,-0.2071980337,0.3054184236,0
3,-0.2091338373,0.3066409524,0
3.01,-0.2110897655,0.3078686833,0
3.02,-0.2130653787,0.3091012304,0
3.03,-0.2150602291,0.3103382088,0
3.04,-0.2170738604,0.3115792344,0
3.05,-0.2191058088,0.3128239246,0
3.06,-0.2211556024,0.3140718986,0
3.07,-0.2232227621,0.3153227769,0
3.08,-0.2253068014,0.3165761829,0
3.09,-0.2274072278,0.3178317418,0
3.1,-0.2295235415,0.319089082,0
3.11,-0.2316552372,0.3203478346,0
3.12,-0.2338018033,0.3216076339,0
3.13,-0.2359627231,0.3228681178,0
3.14,-0.2381374742,0.3241289278,0
3.15,-0.2403255297,0.3253897093,0
3.16,-0.2425263579,0.3266501121,0
3.17,-0.2447394229,0.3279097899,0
3.18,-0.2469641849,0.3291684014,0
3.19,-0.2492001006,0.3304256099,0
3.2,-0.251446623,0.3316810835,0
3.21,-0.2537032025,0.3329344957,0
3.22,-0.2559692867,0.3341855252,0
3.23,-0.2582443207,0.335433856,0
3.24,-0.2605277481,0.3366791781,0
3.25,-0.2628190101,0.3379211868,0
3.26,-0.2651175473,0.3391595836,0
3.27,-0.2674227987,0.3403940759,0
3.28,-0.2697342027,0.3416243772,0
3.29,-0.2720511977,0.3428502073,0
3.3,-0.2743732216,0.3440712921,0
3.31,-0.2766997127,0.3452873641,0
3.32,-0.2790301101,0.3464981622,0
3.33,-0.2813638536,0.3477034316,0
3.34,-0.2837003842,0.3489029244,0
3.35,-0.2860391448,0.3500963987,0
3.36,-0.2883795797,0.3512836196,0
3.37,-0.2907211358,0.3524643588,0
3.38,-0.2930632625,0.3536383941,0
3.39,-0.2954054119,0.3548055105,0
3.4,-0.2977470393,0.3559654988,0
3.41,-0.3000876035,0.3571181567,0
3.42,-0.3024265672,0.3582632881,0
3.43,-0.3047633969,0.3594007032,0
3.44,-0.3070975638,0.3605302187,0
3.45,-0.3094285434,0.3616516573,0
3.46,-0.3117558164,0.3627648482,0
3.47,-0.3140788685,0.3638696263,0
3.48,-0.3163971909,0.3649658329,0
3.49,-0.3187102804,0.3660533154,0
3.5,-0.3210176399,0.3671319269,0
3.51,-0.3233187784,0.3682015266,0
3.52,-0.325613211,0.3692619795,0
3.53,-0.3279004597,0.3703131565,0
3.54,-0.3301800533,0.3713549342,0
3.55,-0.3324515275,0.372387195,0
3.56,-0.3347144251,0.3734098269,0
3.57,-0.3369682965,0.3744227234,0
3.58,-0.3392126996,0.3754257835,0
3.59,-0.3414472001,0.3764189119,0
3.6,-0.3436713713,0.3774020187,0
3.61,-0.3458847951,0.3783750191,0
3.62,-0.3480870611,0.3793378337,0
3.63,-0.3502777677,0.3802903887,0
3.64,-0.3524565216,0.381232615,0
3.65,-0.3546229381,0.3821644487,0
3.66,-0.3567766415,0.3830858313,0
3.67,-0.3589172648,0.3839967089,0
3.68,-0.36104445,0.3848970327,0
3.69,-0.3631578482,0.3857867589,0
3.7,-0.3652571201,0.3866658483,0
3.71,-0.3673419352,0.3875342665,0
3.72,-0.3694119727,0.3883919838,0
3.73,-0.3714669211,0.3892389754,0
3.74,-0.3735064788,0.3900752206,0
3.75,-0.3755303534,0.3909007034,0
3.76,-0.3775382626,0.3917154123,0
3.77,-0.3795299335,0.3925193401,0
3.78,-0.3815051034,0.3933124839,0
3.79,-0.3834635192,0.3940948451,0
3.8,-0.3854049377,0.3948664291,0
3.81,-0.3873291259,0.3956272456,0
3.82,-0.3892358605,0.3963773082,0
3.83,-0.3911249283,0.3971166346,0
3.84,-0.3929961264,0.3978452463,0
3.85,-0.3948492615,0.3985631689,0
3.86,-0.3966841505,0.3992704314,0
3.87,-0.3985006207,0.3999670667,0
3.88,-0.400298509,0.4006531112,0
3.89,-0.4020776626,0.4013286052,0
3.9,-0.4038379389,0.4019935923,0
3.91,-0.405579205,0.4026481196,0
3.92,-0.4073013384,0.4032922373,0
3.93,-0.4090042262,0.4039259995,0
3.94,-0.4106877658,0.4045494629,0
3.95,-0.4123518645,0.4051626879,0
3.96,-0.4139964396,0.4057657375,0
3.97,-0.4156214179,0.4063586782,0
3.98,-0.4172267365,0.4069415793,0
3.99,-0.418812342,0.407514513,0
4,-0.4203781907,0.4080775543,0
4.01,-0.4219242489,0.408630781,0
4.02,-0.4234504923,0.4091742735,0
4.03,-0.4249569061,0.4097081153,0
4.04,-0.426443485,0.4102323917,0
4.05,-0.4279102334,0.4107471912,0
4.06,-0.4293571646,0.4112526044,0
4.07,-0.4307843017,0.4117487242,0
4.08,-0.4321916764,0.4122356461,0
4.09,-0.43357933,0.4127134675,0
4.1,-0.4349473125,0.4131822883,0
4.11,-0.4362956829,0.4136422103,0
4.12,-0.4376245092,0.4140933372,0
4.13,-0.4389338679,0.414535775,0
4.14,-0.4402238443,0.4149696313,0
4.15,-0.4414945321,0.4153950159,0
4.16,-0.4427460334,0.41581204,0
4.17,-0.4439784587,0.4162208166,0
4.18,-0.4451919267,0.4166214605,0
4.19,-0.4463865642,0.4170140879,0
4.2,-0.4475625059,0.4173988167,0
4.21,-0.4487198943,0.4177757659,0
4.22,-0.4498588797,0.4181450563,0
4.23,-0.45097962,0.4185068097,0
4.24,-0.4520822806,0.4188611493,0
4.25,-0.4531670341,0.4192081994,0
4.26,-0.4542340604,0.4195480857,0
4.27,-0.4552835466,0.4198809345,0
4.28,-0.4563156863,0.4202068736,0
4.29,-0.4573306806,0.4205260312,0
4.3,-0.4583287366,0.4208385368,0
4.31,-0.4593100682,0.4211445206,0
4.32,-0.4602748958,0.4214441135,0
4.33,-0.4612234458,0.4217374473,0
4.34,-0.4621559507,0.4220246539,0
4.35,-0.4630726491,0.4223058663,0
4.36,-0.4639737851,0.422581218,0
4.37,-0.4648596089,0.4228508425,0
4.38,-0.4657303757,0.4231148742,0
4.39,-0.4665863463,0.4233734475,0
4.4,-0.4674277865,0.4236266972,0
4.41,-0.4682549672,0.4238747584,0
4.42,-0.4690681643,0.4241177662,0
4.43,-0.4698676582,0.4243558559,0
4.44,-0.4706537338,0.4245891629,0
4.45,-0.4714266805,0.4248178224,0
4.46,-0.4721867922,0.4250419698,0
4.47,-0.4729343662,0.4252617401,0
4.48,-0.4736697042,0.4254772685,0
4.49,-0.4743931115,0.4256886897,0
4.5,-0.4751048969,0.425896138,0
4.51,-0.4758053726,0.4260997478,0
4.52,-0.4764948544,0.4262996527,0
4.53,-0.4771736607,0.4264959862,0
4.54,-0.477842113,0.4266888813,0
4.55,-0.4785005355,0.4268784701,0
4.56,-0.4791492553,0.4270648845,0
4.57,-0.4797886014,0.4272482556,0
4.58,-0.4804189054,0.427428714,0
4.59,-0.4810405011,0.4276063893,0
4.6,-0.4816537239,0.4277814107,0
4.61,-0.4822589111,0.4279539061,0
4.62,-0.4828564018,0.428124003,0
4.63,-0.4834465364,0.4282918278,0
4.64,-0.4840296562,0.428457506,0
4.65,-0.4846061044,0.4286211621,0
4.66,-0.4851762245,0.4287829195,0
4.67,-0.4857403611,0.4289429006,0
4.68,-0.4862988595,0.4291012267,0
4.69,-0.4868520652,0.4292580179,0
4.7,-0.4874003242,0.4294133933,0
4.71,-0.4879439828,0.4295674704,0
4.72,-0.4884833872,0.4297203657,0
4.73,-0.4890188833,0.4298721945,0
4.74,-0.4895508168,0.4300230704,0
4.75,-0.4900795332,0.430173106,0
4.76,-0.490605377,0.4303224123,0
4.77,-0.4911286924,0.430471099,0
4.78,-0.4916498224,0.430619274,0
4.79,-0.4921691089,0.4307670441,0
4.8,-0.492686893,0.4309145145,0
4.81,-0.4932035142,0.4310617886,0
4.82,-0.4937193106,0.4312089683,0
4.83,-0.4942346187,0.4313561541,0
4.84,-0.4947497733,0.4315034446,0
4.85,-0.4952651073,0.431650937,0
4.86,-0.4957809516,0.4317987266,0
4.87,-0.496297635,0.4319469068,0
4.88,-0.4968154841,0.4320955698,0
4.89,-0.497334823,0.4322448057,0
4.9,-0.4978559734,0.4323947027,0
4.91,-0.4983792545,0.4325453475,0
4.92,-0.4989049823,0.4326968248,0
4.93,-0.4994334705,0.4328492176,0
4.94,-0.4999650296,0.433002607,0
4.95,-0.5004999668,0.4331570721,0
4.96,-0.5010385865,0.4333126903,0
4.97,-0.5015811896,0.4334695371,0
4.98,-0.5021280738,0.4336276859,0
4.99,-0.5026795331,0.4337872085,0
5,-0.503235858,0.4339481746,0
5.01,-0.5037973354,0.4341106519,0
5.02,-0.5043642484,0.4342747063,0
5.03,-0.5049368761,0.4344404016,0
5.04,-0.5055154941,0.4346078,0
5.05,-0.5061003734,0.4347769613,0
5.06,-0.5066917814,0.4349479436,0
5.07,-0.5072899812,0.4351208029,0
5.08,-0.5078952315,0.4352955934,0
5.09,-0.508507787,0.4354723673,0
5.1,-0.5091278977,0.4356511746,0
5.11,-0.5097558094,0.4358320636,0
5.12,-0.5103917633,0.4360150805,0
5.13,-0.511035996,0.4362002696,0
5.14,-0.5116887397,0.4363876732,0
5.15,-0.5123502217,0.4365773317,0
5.16,-0.5130206647,0.4367692834,0
5.17,-0.5137002866,0.4369635648,0
5.18,-0.5143893004,0.4371602103,0
5.19,-0.5150879143,0.4373592526,0
5.2,-0.5157963318,0.4375607222,0
5.21,-0.5165147511,0.4377646479,0
5.22,-0.5172433656,0.4379710565,0
5.23,-0.5179823638,0.4381799727,0
5.24,-0.5187319289,0.4383914196,0
5.25,-0.5194922393,0.4386054184,0
5.26,-0.5202634679,0.4388219881,0
5.27,-0.521045783,0.4390411463,0
5.28,-0.5218393472,0.4392629084,0
5.29,-0.5226443183,0.4394872879,0
5.3,-0.5234608488,0.439714297,0
5.31,-0.5242890858,0.4399439456,0
5.32,-0.5251291715,0.4401762418,0
5.33,-0.5259812426,0.4404111923,0
5.34,-0.5268454307,0.4406488016,0
5.35,-0.527721862,0.4408890729,0
5.36,-0.5286106574,0.4411320073,0
5.37,-0.5295119329,0.4413776044,0
5.38,-0.5304257988,0.4416258619,0
5.39,-0.5313523602,0.4418767761,0
5.4,-0.5322917171,0.4421303416,0
5.41,-0.5332439639,0.442386551,0
5.42,-0.5342091902,0.442645396,0
5.43,-0.53518748,0.4429068659,0
5.44,-0.536178912,0.443170949,0
5.45,-0.5371835599,0.4434376319,0
5.46,-0.538201492,0.4437068995,0
5.47,-0.5392327713,0.4439787353,0
5.48,-0.5402774559,0.4442531216,0
5.49,-0.5413355984,0.4445300389,0
5.5,-0.5424072463,0.4448094662,0
5.51,-0.5434924422,0.4450913815,0
5.52,-0.5445912232,0.445375761,0
5.53,-0.5457036214,0.4456625798,0
5.54,-0.5468296642,0.4459518116,0
5.55,-0.5479693733,0.4462434288,0
5.56,-0.5491227658,0.4465374024,0
5.57,-0.5502898539,0.4468337022,0
5.58,-0.5514706445,0.447132297,0
5.59,-0.5526651397,0.447433154,0
5.6,-0.5538733368,0.4477362396,0
5.61,-0.5550952281,0.4480415188,0
5.62,-0.5563308012,0.4483489555,0
5.63,-0.5575800388,0.4486585127,0
5.64,-0.5588429191,0.4489701521,0
5.65,-0.5601194151,0.4492838345,0
5.66,-0.5614094957,0.4495995198,0
5.67,-0.5627131248,0.4499171665,0
5.68,-0.5640302619,0.4502367326,0
5.69,-0.5653608619,0.4505581751,0
5.7,-0.5667048752,0.4508814498,0
5.71,-0.5680622478,0.451206512,0
5.72,-0.5694329214,0.451533316,0
5.73,-0.5708168334,0.4518618153,0
5.74,-0.5722139165,0.4521919627,0
5.75,-0.5736240997,0.4525237101,0
5.76,-0.5750473075,0.4528570089,0
5.77,-0.5764834605,0.4531918096,0
5.78,-0.5779324751,0.4535280623,0
5.79,-0.5793942637,0.4538657162,0
5.8,-0.5808687347,0.45420472,0
5.81,-0.5823557926,0.454545022,0
5.82,-0.5838553384,0.4548865698,0
5.83,-0.5853672689,0.4552293105,0
5.84,-0.5868914774,0.4555731907,0
5.85,-0.5884278534,0.4559181567,0
5.86,-0.5899762832,0.4562641544,0
5.87,-0.5915366491,0.456611129,0
5.88,-0.5931088301,0.4569590258,0
5.89,-0.594692702,0.4573077893,0
5.9,-0.5962881371,0.4576573642,0
5.91,-0.5978950045,0.4580076945,0
5.92,-0.59951317,0.4583587244,0
5.93,-0.6011424964,0.4587103975,0
5.94,-0.6027828435,0.4590626572,0
5.95,-0.604434068,0.4594154474,0
5.96,-0.6060960236,0.459768711,0
5.97,-0.6077685613,0.4601223914,0
5.98,-0.6094515293,0.4604764319,0
5.99,-0.611144773,0.4608307756,0
6,-0.6128481355,0.4611853655,0
6.01,-0.6145614568,0.461540145,0
6.02,-0.6162845748,0.4618950572,0
6.03,-0.618017325,0.4622500454,0
6.04,-0.6197595403,0.4626050532,0
6.05,-0.6215110515,0.4629600241,0
6.06,-0.6232716872,0.4633149018,0
6.07,-0.6250412738,0.4636696304,0
6.08,-0.6268196359,0.4640241539,0
6.09,-0.6286065958,0.4643784168,0
6.1,-0.630401974,0.4647323638,0
6.11,-0.6322055895,0.4650859398,0
6.12,-0.6340172589,0.4654390902,0
6.13,-0.6358367979,0.4657917606,0
6.14,-0.6376640199,0.4661438971,0
6.15,-0.6394987373,0.4664954461,0
6.16,-0.6413407608,0.4668463545,0
6.17,-0.6431898999,0.4671965695,0
6.18,-0.6450459626,0.467546039,0
6.19,-0.6469087558,0.4678947113,0
6.2,-0.6487780853,0.468242535,0
6.21,-0.6506537556,0.4685894595,0
6.22,-0.6525355708,0.4689354347,0
6.23,-0.6544233335,0.4692804111,0
6.24,-0.6563168455,0.4696243397,0
6.25,-0.6582159081,0.4699671723,0
6.26,-0.660120322,0.470308861,0
6.27,-0.662029887,0.470649359,0
6.28,-0.6639444023,0.4709886198,0
6.29,-0.665863667,0.4713265978,0
6.3,-0.6677874797,0.4716632481,0
6.31,-0.6697156384,0.4719985264,0
6.32,-0.6716479413,0.4723323894,0
6.33,-0.673584186,0.4726647943,0
6.34,-0.6755241704,0.4729956992,0
6.35,-0.6774676921,0.473325063,0
6.36,-0.679414549,0.4736528453,0
6.37,-0.6813645389,0.4739790067,0
6.38,-0.6833174599,0.4743035086,0
6.39,-0.6852731103,0.474626313,0
6.4,-0.6872312888,0.474947383,0
6.41,-0.6891917947,0.4752666826,0
6.42,-0.6911544273,0.4755841766,0
6.43,-0.6931189869,0.4758998305,0
6.44,-0.6950852743,0.476213611,0
6.45,-0.6970530909,0.4765254855,0
6.46,-0.6990222388,0.4768354225,0
6.47,-0.7009925209,0.4771433912,0
6.48,-0.7029637415,0.4774493619,0
6.49,-0.7049357049,0.4777533058,0
6.5,-0.7069082173,0.4780551948,0
6.51,-0.7088810855,0.4783550022,0
6.52,-0.7108541175,0.4786527017,0
6.53,-0.7128271226,0.4789482685,0
6.54,-0.7147999115,0.4792416782,0
6.55,-0.7167722957,0.4795329079,0
6.56,-0.7187440886,0.4798219351,0
6.57,-0.7207151049,0.4801087386,0
6.58,-0.7226851606,0.480393298,0
6.59,-0.7246540734,0.4806755939,0
6.6,-0.7266216627,0.4809556077,0
6.61,-0.7285877495,0.4812333221,0
6.62,-0.7305521564,0.4815087202,0
6.63,-0.7325147077,0.4817817865,0
6.64,-0.7344752299,0.482052506,0
6.65,-0.736433551,0.4823208648,0
6.66,-0.7383895012,0.48258685,0
6.67,-0.7403429122,0.4828504494,0
6.68,-0.7422936184,0.4831116518,0
6.69,-0.7442414556,0.4833704466,0
6.7,-0.7461862621,0.4836268244,0
6.71,-0.7481278782,0.4838807765,0
6.72,-0.7500661464,0.4841322949,0
6.73,-0.7520009114,0.4843813725,0
6.74,-0.7539320202,0.484628003,0
6.75,-0.7558593223,0.4848721809,0
6.76,-0.7577826691,0.4851139014,0
6.77,-0.7597019146,0.4853531604,0
6.78,-0.7616169154,0.4855899548,0
6.79,-0.7635275302,0.4858242818,0
6.8,-0.7654336204,0.4860561398,0
6.81,-0.7673350498,0.4862855276,0
6.82,-0.7692316848,0.4865124447,0
6.83,-0.7711233942,0.4867368913,0
6.84,-0.7730100495,0.4869588685,0
6.85,-0.7748915248,0.4871783777,0
6.86,-0.7767676969,0.4873954211,0
6.87,-0.7786384451,0.4876100014,0
6.88,-0.7805036514,0.4878221222,0
6.89,-0.7823632006,0.4880317875,0
6.9,-0.7842169802,0.4882390019,0
6.91,-0.7860648802,0.4884437705,0
6.92,-0.7879067938,0.4886460992,0
6.93,-0.7897426164,0.4888459943,0
6.94,-0.7915722467,0.4890434625,0
6.95,-0.7933955856,0.4892385113,0
6.96,-0.7952125376,0.4894311486,0
6.97,-0.7970230092,0.4896213827,0
6.98,-0.7988269104,0.4898092226,0
6.99,-0.8006241534,0.4899946777,0
7,-0.8024146538,0.4901777577,0
7.01,-0.8041983297,0.4903584729,0
7.02,-0.8059751021,0.4905368343,0
7.03,-0.807744895,0.4907128527,0
7.04,-0.8095076353,0.49088654,0
7.05,-0.8112632524,0.491057908,0
7.06,-0.8130116789,0.4912269693,0
7.07,-0.8147528502,0.4913937365,0
7.08,-0.8164867047,0.4915582229,0
7.09,-0.8182131832,0.491720442,0
7.1,-0.8199322299,0.4918804077,0
7.11,-0.8216437915,0.4920381341,0
7.12,-0.8233478178,0.492193636,0
7.13,-0.8250442613,0.4923469282,0
7.14,-0.8267330774,0.4924980258,0
7.15,-0.8284142244,0.4926469444,0
7.16,-0.8300876633,0.4927936996,0
7.17,-0.8317533579,0.4929383077,0
7.18,-0.8334112752,0.493080785,0
7.19,-0.8350613847,0.4932211479,0
7.2,-0.8367036584,0.4933594134,0
7.21,-0.8383380717,0.4934955985,0
7.22,-0.8399646025,0.4936297205,0
7.23,-0.8415832313,0.4937617969,0
7.24,-0.8431939415,0.4938918455,0
7.25,-0.8447967194,0.494019884,0
7.26,-0.8463915537,0.4941459307,0
7.27,-0.8479784361,0.4942700038,0
7.28,-0.8495573607,0.4943921217,0
7.29,-0.8511283245,0.494512303,0
7.3,-0.852691327,0.4946305664,0
7.31,-0.8542463705,0.4947469308,0
7.32,-0.8557934597,0.4948614152,0
7.33,-0.8573326021,0.4949740387,0
7.34,-0.8588638075,0.4950848206,0
7.35,-0.8603870886,0.4951937801,0
7.36,-0.8619024604,0.4953009367,0
7.37,-0.8634099405,0.4954063097,0
7.38,-0.8649095488,0.4955099189,0
7.39,-0.866401308,0.4956117838,0
7.4,-0.8678852428,0.4957119241,0
7.41,-0.8693613808,0.4958103594,0
7.42,-0.8708297515,0.4959071097,0
7.43,-0.8722903872,0.4960021945,0
7.44,-0.8737433222,0.4960956338,0
7.45,-0.8751885932,0.4961874473,0
7.46,-0.8766262392,0.4962776549,0
7.47,-0.8780563017,0.4963662763,0
7.48,-0.8794788238,0.4964533313,0
7.49,-0.8808938514,0.4965388397,0
7.5,-0.8823014322,0.4966228213,0
7.51,-0.8837016162,0.4967052957,0
7.52,-0.8850944554,0.4967862826,0
7.53,-0.8864800041,0.4968658016,0
7.54,-0.8878583183,0.4969438722,0
7.55,-0.8892294561,0.4970205138,0
7.56,-0.8905934779,0.4970957459,0
7.57,-0.8919504455,0.4971695877,0
7.58,-0.893300423,0.4972420586,0
7.59,-0.8946434763,0.4973131775,0
7.6,-0.8959796729,0.4973829636,0
7.61,-0.8973090827,0.4974514357,0
7.62,-0.8986317766,0.4975186126,0
7.63,-0.8999478278,0.4975845128,0
7.64,-0.901257311,0.4976491552,0
7.65,-0.9025603025,0.4977125578,0
7.66,-0.9038568804,0.497774739,0
7.67,-0.9051471243,0.497835717,0
7.68,-0.9064311154,0.4978955095,0
7.69,-0.9077089363,0.4979541344,0
7.7,-0.9089806711,0.4980116093,0
7.71,-0.9102464057,0.4980679516,0
7.72,-0.9115062269,0.4981231786,0
7.73,-0.9127602232,0.4981773073,0
7.74,-0.9140084843,0.4982303546,0
7.75,-0.9152511013,0.4982823373,0
7.76,-0.9164881665,0.4983332715,0
7.77,-0.9177197732,0.4983831738,0
7.78,-0.9189460165,0.4984320601,0
7.79,-0.9201669919,0.4984799464,0
7.8,-0.9213827964,0.4985268481,0
7.81,-0.9225935283,0.4985727806,0
7.82,-0.9237992863,0.4986177592,0
7.83,-0.9250001707,0.4986617988,0
7.84,-0.9261962823,0.4987049139,0
7.85,-0.9273877231,0.4987471191,0
7.86,-0.9285745958,0.4987884285,0
7.87,-0.9297570041,0.498828856,0
7.88,-0.9309350522,0.4988684154,0
7.89,-0.9321088455,0.49890712,0
7.9,-0.9332784898,0.4989449831,0
7.91,-0.9344440915,0.4989820173,0
7.92,-0.9356057579,0.4990182355,0
7.93,-0.9367635966,0.4990536498,0
7.94,-0.9379177161,0.4990882726,0
7.95,-0.9390682252,0.4991221154,0
7.96,-0.9402152333,0.4991551896,0
7.97,-0.9413588499,0.4991875067,0
7.98,-0.9424991854,0.4992190775,0
7.99,-0.9436363503,0.4992499127,0
8,-0.9447704552,0.4992800225,0
8.01,-0.9459016116,0.499309417,0
8.02,-0.9470299305,0.4993381061,0
8.03,-0.9481555237,0.4993660991,0
8.04,-0.9492785029,0.4993934051,0
8.05,-0.9503989798,0.4994200331,0
8.06,-0.9515170666,0.4994459915,0
8.07,-0.9526328751,0.4994712886,0
8.08,-0.9537465175,0.4994959324,0
8.09,-0.9548581057,0.4995199305,0
8.1,-0.9559677516,0.49954329,0
8.11,-0.9570755672,0.4995660182,0
8.12,-0.9581816639,0.4995881216,0
8.13,-0.9592861535,0.4996096067,0
8.14,-0.9603891473,0.4996304794,0
8.15,-0.9614907562,0.4996507458,0
8.16,-0.9625910911,0.4996704109,0
8.17,-0.9636902625,0.49968948,0
8.18,-0.9647883805,0.4997079581,0
8.19,-0.9658855549,0.4997258496,0
8.2,-0.9669818949,0.4997431585,0
8.21,-0.9680775095,0.4997598889,0
8.22,-0.9691725069,0.4997760444,0
8.23,-0.970266995,0.4997916281,0
8.24,-0.9713610813,0.4998066431,0
8.25,-0.9724548722,0.4998210919,0
8.26,-0.973548474,0.499834977,0
8.27,-0.9746419918,0.4998483004,0
8.28,-0.9757355307,0.4998610637,0
8.29,-0.9768291945,0.4998732685,0
8.3,-0.9779230866,0.4998849159,0
8.31,-0.9790173094,0.4998960066,0
8.32,-0.9801119644,0.4999065413,0
8.33,-0.9812071527,0.4999165203,0
8.34,-0.9823029742,0.4999259433,0
8.35,-0.9833995278,0.4999348102,0
8.36,-0.9844969118,0.4999431202,0
8.37,-0.9855952234,0.4999508726,0
8.38,-0.9866945587,0.499958066,0
8.39,-0.9877950129,0.4999646992,0
8.4,-0.9888966802,0.4999707703,0
8.41,-0.9899996537,0.4999762773,0
8.42,-0.9911040254,0.4999812179,0
8.43,-0.9922098862,0.4999855897,0
8.44,-0.9933173259,0.4999893899,0
8.45,-0.9944264331,0.4999926155,0
8.46,-0.9955372953,0.4999952631,0
8.47,-0.9966499987,0.4999973292,0
8.48,-0.9977646283,0.4999988102,0
8.49,-0.9988812679,0.4999997018,0
8.5,-1,0.5,0
8.51,-1.001120906,0.4999997003,0
8.52,-1.002244065,0.4999987979,0
8.53,-1.003369557,0.4999972882,0
8.54,-1.004497459,0.4999951658,0
8.55,-1.005627846,0.4999924255,0
8.56,-1.006760793,0.499989062,0
8.57,-1.007896373,0.4999850693,0
8.58,-1.009034658,0.4999804417,0
8.59,-1.01017572,0.4999751731,0
8.6,-1.011319625,0.4999692574,0
8.61,-1.012466442,0.499962688,0
8.62,-1.013616237,0.4999554584,0
8.63,-1.014769074,0.4999475618,0
8.64,-1.015925018,0.4999389916,0
8.65,-1.017084129,0.4999297404,0
8.66,-1.018246467,0.4999198013,0
8.67,-1.019412092,0.4999091668,0
8.68,-1.020581059,0.4998978296,0
8.69,-1.021753427,0.499885782,0
8.7,-1.022929246,0.4998730163,0
8.71,-1.024108572,0.4998595248,0
8.72,-1.025291454,0.4998452994,0
8.73,-1.026477942,0.4998303322,0
8.74,-1.027668084,0.499814615,0
8.75,-1.028861928,0.4997981394,0
8.76,-1.030059517,0.4997808973,0
8.77,-1.031260894,0.49976288,0
8.78,-1.032466103,0.4997440792,0
8.79,-1.033675181,0.4997244863,0
8.8,-1.034888169,0.4997040925,0
8.81,-1.036105104,0.4996828891,0
8.82,-1.037326019,0.4996608673,0
8.83,-1.038550952,0.4996380182,0
8.84,-1.039779932,0.499614333,0
8.85,-1.041012991,0.4995898025,0
8.86,-1.042250159,0.4995644178,0
8.87,-1.043491462,0.4995381699,0
8.88,-1.044736927,0.4995110495,0
8.89,-1.045986579,0.4994830477,0
8.9,-1.047240441,0.4994541551,0
8.91,-1.048498533,0.4994243628,0
8.92,-1.049760877,0.4993936613,0
8.93,-1.05102749,0.4993620414,0
8.94,-1.052298389,0.499329494,0
8.95,-1.053573591,0.4992960098,0
8.96,-1.054853106,0.4992615795,0
8.97,-1.05613695,0.4992261939,0
8.98,-1.057425133,0.4991898439,0
8.99,-1.058717664,0.4991525199,0
9,-1.06001455,0.4991142131,0
9.01,-1.061315798,0.499074914,0
9.02,-1.062621413,0.4990346136,0
9.03,-1.063931398,0.4989933025,0
9.04,-1.065245754,0.4989509719,0
9.05,-1.066564484,0.4989076125,0
9.06,-1.067887585,0.4988632153,0
9.07,-1.069215055,0.4988177713,0
9.08,-1.070546891,0.4987712715,0
9.09,-1.071883087,0.4987237071,0
9.1,-1.073223637,0.4986750692,0
9.11,-1.074568532,0.4986253489,0
9.12,-1.075917763,0.4985745374,0
9.13,-1.07727132,0.4985226262,0
9.14,-1.078629191,0.4984696066,0
9.15,-1.079991361,0.4984154701,0
9.16,-1.081357817,0.4983602082,0
9.17,-1.082728542,0.4983038124,0
9.18,-1.084103519,0.4982462745,0
9.19,-1.085482731,0.4981875863,0
9.2,-1.086866155,0.4981277396,0
9.21,-1.088253773,0.4980667263,0
9.22,-1.08964556,0.4980045385,0
9.23,-1.091041494,0.4979411683,0
9.24,-1.092441551,0.4978766081,0
9.25,-1.093845704,0.49781085,0
9.26,-1.095253926,0.4977438866,0
9.27,-1.096666189,0.4976757103,0
9.28,-1.098082464,0.497606314,0
9.29,-1.099502719,0.4975356902,0
9.3,-1.100926925,0.4974638321,0
9.31,-1.102355047,0.4973907325,0
9.32,-1.103787052,0.4973163845,0
9.33,-1.105222907,0.4972407815,0
9.34,-1.106662573,0.4971639169,0
9.35,-1.108106016,0.497085784,0
9.36,-1.109553196,0.4970063767,0
9.37,-1.111004076,0.4969256887,0
9.38,-1.112458617,0.4968437139,0
9.39,-1.113916775,0.4967604463,0
9.4,-1.115378511,0.4966758801,0
9.41,-1.116843783,0.4965900098,0
9.42,-1.118312546,0.4965028298,0
9.43,-1.119784757,0.4964143347,0
9.44,-1.12126037,0.4963245193,0
9.45,-1.12273934,0.4962333785,0
9.46,-1.124221619,0.4961409074,0
9.47,-1.125707163,0.4960471013,0
9.48,-1.12719592,0.4959519556,0
9.49,-1.128687842,0.4958554657,0
9.5,-1.13018288,0.4957576274,0
9.51,-1.131680984,0.4956584367,0
9.52,-1.133182103,0.4955578896,0
9.53,-1.134686185,0.4954559821,0
9.54,-1.136193178,0.4953527107,0
9.55,-1.137703028,0.495248072,0
9.56,-1.139215682,0.4951420626,0
9.57,-1.140731087,0.4950346795,0
9.58,-1.142249188,0.4949259195,0
9.59,-1.14376993,0.49481578,0
9.6,-1.145293255,0.4947042583,0
9.61,-1.14681911,0.494591352,0
9.62,-1.148347438,0.4944770588,0
9.63,-1.149878181,0.4943613766,0
9.64,-1.15141128,0.4942443035,0
9.65,-1.15294668,0.4941258377,0
9.66,-1.154484322,0.4940059777,0
9.67,-1.156024148,0.4938847221,0
9.68,-1.157566097,0.4937620695,0
9.69,-1.159110111,0.4936380191,0
9.7,-1.160656132,0.4935125699,0
9.71,-1.162204096,0.4933857212,0
9.72,-1.163753948,0.4932574725,0
9.73,-1.165305625,0.4931278236,0
9.74,-1.166859066,0.4929967741,0
9.75,-1.168414212,0.4928643242,0
9.76,-1.169971002,0.4927304741,0
9.77,-1.171529373,0.4925952241,0
9.78,-1.173089266,0.4924585748,0
9.79,-1.174650619,0.4923205269,0
9.8,-1.176213371,0.4921810813,0
9.81,-1.177777461,0.492040239,0
9.82,-1.179342827,0.4918980015,0
9.83,-1.180909407,0.49175437,0
9.84,-1.182477141,0.4916093461,0
9.85,-1.184045967,0.4914629317,0
9.86,-1.185615824,0.4913151287,0
9.87,-1.187186649,0.4911659392,0
9.88,-1.188758384,0.4910153654,0
9.89,-1.190330966,0.4908634098,0
9.9,-1.191904334,0.4907100752,0
9.91,-1.193478427,0.4905553641,0
9.92,-1.195053185,0.4903992797,0
9.93,-1.196628548,0.4902418249,0
9.94,-1.198204454,0.4900830031,0
9.95,-1.199780844,0.4899228177,0
9.96,-1.201357659,0.4897612722,0
9.97,-1.202934838,0.4895983705,0
9.98,-1.204512323,0.4894341163,0
9.99,-1.206090054,0.4892685138,0
10,-1.207667972,0.4891015672,0
10.01,-1.20924602,0.4889332808,0
10.02,-1.21082414,0.4887636591,0
10.03,-1.212402273,0.4885927067,0
10.04,-1.213980363,0.4884204284,0
10.05,-1.215558351,0.4882468291,0
10.06,-1.217136184,0.4880719138,0
10.07,-1.218713804,0.4878956878,0
10.08,-1.220291155,0.4877181563,0
10.09,-1.221868184,0.4875393248,0
10.1,-1.223444833,0.4873591987,0
10.11,-1.225021052,0.487177784,0
10.12,-1.226596784,0.4869950862,0
10.13,-1.228171978,0.4868111115,0
10.14,-1.229746581,0.4866258655,0
10.15,-1.23132054,0.4864393547,0
10.16,-1.232893805,0.4862515852,0
10.17,-1.234466325,0.4860625634,0
10.18,-1.236038049,0.4858722956,0
10.19,-1.237608929,0.4856807885,0
10.2,-1.239178913,0.4854880486,0
10.21,-1.240747956,0.4852940826,0
10.22,-1.242316009,0.4850988974,0
10.23,-1.243883024,0.4849024996,0
10.24,-1.245448956,0.4847048965,0
10.25,-1.24701376,0.4845060948,0
10.26,-1.248577389,0.4843061017,0
10.27,-1.2501398,0.4841049243,0
10.28,-1.251700949,0.4839025698,0
10.29,-1.253260794,0.4836990454,0
10.3,-1.254819291,0.4834943584,0
10.31,-1.256376402,0.4832885161,0
10.32,-1.257932083,0.483081526,0
10.33,-1.259486297,0.4828733952,0
10.34,-1.261039003,0.4826641314,0
10.35,-1.262590163,0.4824537418,0
10.36,-1.26413974,0.482242234,0
10.37,-1.265687699,0.4820296153,0
10.38,-1.267234001,0.4818158933,0
10.39,-1.268778613,0.4816010754,0
10.4,-1.2703215,0.4813851691,0
10.41,-1.271862628,0.4811681817,0
10.42,-1.273401965,0.4809501208,0
10.43,-1.274939481,0.4807309937,0
10.44,-1.276475142,0.4805108078,0
10.45,-1.27800892,0.4802895706,0
10.46,-1.279540784,0.4800672892,0
10.47,-1.281070706,0.4798439709,0
10.48,-1.28259866,0.4796196231,0
10.49,-1.284124618,0.479394253,0
10.5,-1.285648555,0.4791678675,0
10.51,-1.287170444,0.478940474,0
10.52,-1.288690261,0.4787120793,0
10.53,-1.290207985,0.4784826905,0
10.54,-1.291723592,0.4782523145,0
10.55,-1.29323706,0.4780209581,0
10.56,-1.294748369,0.477788628,0
10.57,-1.296257498,0.477555331,0
10.58,-1.29776443,0.4773210738,0
10.59,-1.299269144,0.4770858627,0
10.6,-1.300771625,0.4768497042,0
10.61,-1.302271854,0.4766126048,0
10.62,-1.303769818,0.4763745706,0
10.63,-1.3052655,0.4761356078,0
10.64,-1.306758888,0.4758957226,0
10.65,-1.308249967,0.4756549208,0
10.66,-1.309738725,0.4754132084,0
10.67,-1.311225153,0.475170591,0
10.68,-1.312709237,0.4749270743,0
10.69,-1.314190969,0.4746826638,0
10.7,-1.315670339,0.4744373651,0
10.71,-1.317147341,0.4741911833,0
10.72,-1.318621965,0.4739441237,0
10.73,-1.320094206,0.4736961913,0
10.74,-1.321564058,0.473447391,0
10.75,-1.323031517,0.4731977277,0
10.76,-1.324496578,0.472947206,0
10.77,-1.325959237,0.4726958305,0
10.78,-1.327419492,0.4724436056,0
10.79,-1.328877342,0.4721905356,0
10.8,-1.330332786,0.4719366245,0
10.81,-1.331785824,0.4716818766,0
10.82,-1.333236455,0.4714262955,0
10.83,-1.334684682,0.471169885,0
10.84,-1.336130507,0.4709126488,0
10.85,-1.337573932,0.4706545903,0
10.86,-1.339014961,0.4703957127,0
10.87,-1.340453599,0.4701360192,0
10.88,-1.34188985,0.4698755128,0
10.89,-1.34332372,0.4696141964,0
10.9,-1.344755216,0.4693520726,0
10.91,-1.346184345,0.4690891441,0
10.92,-1.347611116,0.4688254131,0
10.93,-1.349035535,0.468560882,0
10.94,-1.350457613,0.4682955528,0
10.95,-1.351877359,0.4680294276,0
10.96,-1.353294784,0.4677625078,0
10.97,-1.3547099,0.4674947954,0
10.98,-1.356122718,0.4672262917,0
10.99,-1.357533251,0.4669569981,0
11,-1.358941511,0.4666869156,0
11.01,-1.360347512,0.4664160452,0
11.02,-1.36175127,0.4661443878,0
11.03,-1.363152799,0.4658719441,0
11.04,-1.364552113,0.4655987146,0
11.05,-1.365949229,0.4653246994,0
11.06,-1.367344163,0.465049899,0
11.07,-1.368736934,0.4647743133,0
11.08,-1.370127558,0.4644979421,0
11.09,-1.371516055,0.4642207852,0
11.1,-1.372902442,0.4639428421,0
11.11,-1.374286738,0.4636641121,0
11.12,-1.375668964,0.4633845946,0
11.13,-1.37704914,0.4631042885,0
11.14,-1.378427286,0.4628231927,0
11.15,-1.379803423,0.462541306,0
11.16,-1.381177574,0.462258627,0
11.17,-1.382549759,0.461975154,0
11.18,-1.383920003,0.4616908854,0
11.19,-1.385288327,0.4614058192,0
11.2,-1.386654755,0.4611199534,0
11.21,-1.38801931,0.4608332857,0
11.22,-1.389382016,0.4605458139,0
11.23,-1.390742898,0.4602575352,0
11.24,-1.392101982,0.4599684473,0
11.25,-1.393459291,0.4596785469,0
11.26,-1.394814851,0.4593878313,0
11.27,-1.396168688,0.4590962975,0
11.28,-1.397520829,0.4588039418,0
11.29,-1.398871299,0.4585107611,0
11.3,-1.400220125,0.4582167516,0
11.31,-1.401567334,0.4579219097,0
11.32,-1.402912954,0.4576262314,0
11.33,-1.404257011,0.4573297127,0
11.34,-1.405599534,0.4570323495,0
11.35,-1.406940549,0.4567341373,0
11.36,-1.408280087,0.4564350718,0
11.37,-1.409618174,0.4561351483,0
11.38,-1.410954839,0.4558343621,0
11.39,-1.412290111,0.4555327084,0
11.4,-1.413624019,0.455230182,0
11.41,-1.41495659,0.4549267778,0
11.42,-1.416287856,0.4546224906,0
11.43,-1.417617845,0.4543173149,0
11.44,-1.418946586,0.4540112451,0
11.45,-1.420274109,0.4537042757,0
11.46,-1.421600442,0.4533964007,0
11.47,-1.422925617,0.4530876143,0
11.48,-1.424249662,0.4527779104,0
11.49,-1.425572608,0.4524672828,0
11.5,-1.426894483,0.4521557253,0
11.51,-1.428215319,0.4518432313,0
11.52,-1.429535144,0.4515297944,0
11.53,-1.430853988,0.4512154081,0
11.54,-1.432171881,0.4509000654,0
11.55,-1.433488852,0.4505837595,0
11.56,-1.434804933,0.4502664835,0
11.57,-1.436120153,0.4499482304,0
11.58,-1.437434539,0.4496289928,0
11.59,-1.438748123,0.4493087636,0
11.6,-1.440060935,0.4489875353,0
11.61,-1.441373002,0.4486653006,0
11.62,-1.442684356,0.4483420517,0
11.63,-1.443995025,0.4480177812,0
11.64,-1.445305037,0.4476924812,0
11.65,-1.446614422,0.4473661439,0
11.66,-1.447923209,0.4470387613,0
11.67,-1.449231426,0.4467103255,0
11.68,-1.450539101,0.4463808285,0
11.69,-1.451846263,0.446050262,0
11.7,-1.453152941,0.4457186179,0
11.71,-1.454459162,0.4453858877,0
11.72,-1.455764953,0.4450520632,0
11.73,-1.457070343,0.4447171359,0
11.74,-1.458375357,0.4443810974,0
11.75,-1.459680025,0.444043939,0
11.76,-1.460984371,0.4437056521,0
11.77,-1.462288423,0.4433662281,0
11.78,-1.463592207,0.4430256582,0
11.79,-1.464895747,0.4426839337,0
11.8,-1.466199073,0.4423410458,0
11.81,-1.467502206,0.4419969855,0
11.82,-1.468805173,0.441651744,0
11.83,-1.470107999,0.4413053123,0
11.84,-1.471410709,0.4409576815,0
11.85,-1.472713324,0.4406088425,0
11.86,-1.474015872,0.4402587862,0
11.87,-1.475318373,0.4399075036,0
11.88,-1.476620852,0.4395549856,0
11.89,-1.477923332,0.4392012231,0
11.9,-1.479225833,0.4388462071,0
11.91,-1.480528379,0.4384899282,0
11.92,-1.481830991,0.4381323773,0
11.93,-1.48313369,0.4377735454,0
11.94,-1.484436497,0.4374134232,0
11.95,-1.485739433,0.4370520015,0
11.96,-1.487042517,0.4366892712,0
11.97,-1.48834577,0.436325223,0
11.98,-1.489649208,0.435959848,0
11.99,-1.490952854,0.4355931368,0
12,-1.492256723,0.4352250803,0
12.01,-1.493560835,0.4348556695,0
12.02,-1.494865206,0.4344848953,0
12.03,-1.496169854,0.4341127485,0
12.04,-1.497474795,0.4337392201,0
12.05,-1.498780045,0.4333643012,0
12.06,-1.50008562,0.4329879826,0
12.07,-1.501391536,0.4326102555,0
12.08,-1.502697805,0.432231111,0
12.09,-1.504004445,0.4318505402,0
12.1,-1.505311466,0.4314685343,0
12.11,-1.506618884,0.4310850845,0
12.12,-1.507926711,0.4307001822,0
12.13,-1.509234958,0.4303138186,0
12.14,-1.51054364,0.4299259852,0
12.15,-1.511852766,0.4295366734,0
12.16,-1.513162348,0.4291458747,0
12.17,-1.514472395,0.4287535809,0
12.18,-1.515782918,0.4283597835,0
12.19,-1.517093927,0.4279644743,0
12.2,-1.518405431,0.4275676451,0
12.21,-1.519717437,0.4271692878,0
12.22,-1.521029954,0.4267693944,0
12.23,-1.522342989,0.4263679568,0
12.24,-1.523656551,0.4259649674,0
12.25,-1.524970644,0.4255604183,0
12.26,-1.526285276,0.4251543017,0
12.27,-1.527600451,0.4247466102,0
12.28,-1.528916175,0.4243373362,0
12.29,-1.530232453,0.4239264723,0
12.3,-1.531549288,0.4235140111,0
12.31,-1.532866685,0.4230999456,0
12.32,-1.534184646,0.4226842687,0
12.33,-1.535503174,0.422266973,0
12.34,-1.536822272,0.4218480519,0
12.35,-1.538141942,0.4214274986,0
12.36,-1.539462184,0.4210053063,0
12.37,-1.540782999,0.4205814684,0
12.38,-1.542104389,0.4201559785,0
12.39,-1.543426351,0.4197288301,0
12.4,-1.544748887,0.419300017,0
12.41,-1.546071995,0.4188695331,0
12.42,-1.547395674,0.4184373722,0
12.43,-1.548719922,0.4180035284,0
12.44,-1.550044736,0.4175679959,0
12.45,-1.551370114,0.4171307692,0
12.46,-1.552696051,0.4166918423,0
12.47,-1.554022546,0.41625121,0
12.48,-1.555349593,0.415808867,0
12.49,-1.556677189,0.4153648079,0
12.5,-1.558005328,0.4149190275,0
12.51,-1.559334005,0.4144715209,0
12.52,-1.560663212,0.4140222832,0
12.53,-1.561992947,0.4135713097,0
12.54,-1.5633232,0.4131185957,0
12.55,-1.564653965,0.4126641365,0
12.56,-1.565985236,0.4122079278,0
12.57,-1.567317004,0.4117499655,0
12.58,-1.56864926,0.4112902451,0
12.59,-1.569981996,0.4108287627,0
12.6,-1.571315204,0.4103655143,0
12.61,-1.572648875,0.4099004962,0
12.62,-1.573982997,0.4094337047,0
12.63,-1.575317562,0.408965136,0
12.64,-1.576652559,0.4084947868,0
12.65,-1.577987978,0.4080226537,0
12.66,-1.579323806,0.4075487336,0
12.67,-1.580660034,0.4070730231,0
12.68,-1.581996649,0.4065955195,0
12.69,-1.583333639,0.4061162197,0
12.7,-1.584670992,0.4056351211,0
12.71,-1.586008696,0.405152221,0
12.72,-1.587346736,0.4046675168,0
12.73,-1.588685101,0.4041810061,0
12.74,-1.590023776,0.4036926867,0
12.75,-1.591362748,0.4032025563,0
12.76,-1.592702002,0.4027106128,0
12.77,-1.594041525,0.4022168543,0
12.78,-1.5953813,0.4017212788,0
12.79,-1.596721315,0.4012238847,0
12.8,-1.598061553,0.4007246704,0
12.81,-1.599401999,0.4002236341,0
12.82,-1.600742637,0.3997207745,0
12.83,-1.602083452,0.3992160903,0
12.84,-1.603424428,0.3987095801,0
12.85,-1.604765548,0.398201243,0
12.86,-1.606106796,0.3976910778,0
12.87,-1.607448154,0.3971790838,0
12.88,-1.608789606,0.3966652599,0
12.89,-1.610131136,0.3961496054,0
12.9,-1.611472726,0.3956321199,0
12.91,-1.612814357,0.3951128025,0
12.92,-1.614156014,0.3945916529,0
12.93,-1.615497677,0.3940686709,0
12.94,-1.616839329,0.3935438559,0
12.95,-1.618180952,0.393017208,0
12.96,-1.619522528,0.3924887269,0
12.97,-1.620864038,0.3919584126,0
12.98,-1.622205465,0.3914262653,0
12.99,-1.623546788,0.390892285,0
13,-1.62488799,0.390356472,0
13.01,-1.626229052,0.3898188265,0
13.02,-1.627569954,0.389279349,0
13.03,-1.62891068,0.3887380398,0
13.04,-1.630251207,0.3881948996,0
13.05,-1.631591518,0.3876499288,0
13.06,-1.632931594,0.3871031281,0
13.07,-1.634271416,0.3865544983,0
13.08,-1.635610963,0.38600404,0
13.09,-1.636950217,0.3854517542,0
13.1,-1.638289158,0.3848976419,0
13.11,-1.639627767,0.3843417038,0
13.12,-1.640966025,0.383783941,0
13.13,-1.642303911,0.3832243546,0
13.14,-1.643641406,0.3826629458,0
13.15,-1.644978493,0.3820997156,0
13.16,-1.646315148,0.3815346653,0
13.17,-1.647651355,0.3809677962,0
13.18,-1.648987093,0.3803991094,0
13.19,-1.650322343,0.3798286065,0
13.2,-1.651657086,0.3792562887,0
13.21,-1.652991302,0.3786821574,0
13.22,-1.654324971,0.3781062141,0
13.23,-1.655658075,0.3775284603,0
13.24,-1.656990594,0.3769488975,0
13.25,-1.65832251,0.3763675271,0
13.26,-1.659653802,0.3757843507,0
13.27,-1.660984452,0.37519937,0
13.28,-1.66231444,0.3746125863,0
13.29,-1.663643749,0.3740240015,0
13.3,-1.664972359,0.3734336171,0
13.31,-1.666300251,0.3728414346,0
13.32,-1.667627407,0.3722474558,0
13.33,-1.668953808,0.3716516822,0
13.34,-1.670279436,0.3710541155,0
13.35,-1.671604272,0.3704547575,0
13.36,-1.672928298,0.3698536095,0
13.37,-1.674251498,0.3692506733,0
13.38,-1.67557385,0.3686459506,0
13.39,-1.676895341,0.3680394429,0
13.4,-1.678215949,0.3674311518,0
13.41,-1.679535659,0.366821079,0
13.42,-1.680854452,0.3662092259,0
13.43,-1.682172312,0.3655955941,0
13.44,-1.683489222,0.3649801851,0
13.45,-1.684805166,0.3643630005,0
13.46,-1.686120124,0.3637440416,0
13.47,-1.687434082,0.36312331,0
13.48,-1.688747023,0.362500807,0
13.49,-1.690058931,0.361876534,0
13.5,-1.69136979,0.3612504922,0
13.51,-1.692679583,0.360622683,0
13.52,-1.693988296,0.3599931076,0
13.53,-1.695295912,0.3593617671,0
13.54,-1.696602417,0.3587286628,0
13.55,-1.697907795,0.3580937956,0
13.56,-1.699212031,0.3574571666,0
13.57,-1.700515111,0.3568187767,0
13.58,-1.701817019,0.356178627,0
13.59,-1.703117744,0.3555367181,0
13.6,-1.704417268,0.3548930508,0
13.61,-1.705715578,0.3542476259,0
13.62,-1.707012662,0.3536004438,0
13.63,-1.708308505,0.3529515053,0
13.64,-1.709603095,0.3523008108,0
13.65,-1.710896417,0.3516483606,0
13.66,-1.71218846,0.3509941551,0
13.67,-1.71347921,0.3503381944,0
13.68,-1.714768656,0.3496804787,0
13.69,-1.716056784,0.349021008,0
13.7,-1.717343583,0.3483597822,0
13.71,-1.718629041,0.3476968012,0
13.72,-1.719913146,0.3470320647,0
13.73,-1.721195888,0.3463655723,0
13.74,-1.722477254,0.3456973237,0
13.75,-1.723757233,0.3450273181,0
13.76,-1.725035817,0.3443555549,0
13.77,-1.726312992,0.3436820335,0
13.78,-1.72758875,0.3430067527,0
13.79,-1.728863079,0.3423297117,0
13.8,-1.730135971,0.3416509093,0
13.81,-1.731407415,0.3409703441,0
13.82,-1.732677403,0.340288015,0
13.83,-1.733945924,0.3396039204,0
13.84,-1.735212969,0.3389180586,0
13.85,-1.736478529,0.338230428,0
13.86,-1.737742597,0.3375410267,0
13.87,-1.739005162,0.3368498527,0
13.88,-1.740266219,0.3361569038,0
13.89,-1.741525757,0.335462178,0
13.9,-1.742783769,0.3347656727,0
13.91,-1.744040247,0.3340673855,0
13.92,-1.745295183,0.3333673137,0
13.93,-1.746548571,0.3326654547,0
13.94,-1.747800403,0.3319618054,0
13.95,-1.749050672,0.3312563628,0
13.96,-1.750299371,0.3305491239,0
13.97,-1.751546494,0.3298400851,0
13.98,-1.752792033,0.3291292432,0
13.99,-1.754035984,0.3284165946,0
14,-1.755278339,0.3277021354,0
14.01,-1.756519092,0.3269858618,0
14.02,-1.757758238,0.32626777,0
14.03,-1.758995771,0.3255478556,0
14.04,-1.760231685,0.3248261144,0
14.05,-1.761465976,0.324102542,0
14.06,-1.762698636,0.3233771338,0
14.07,-1.763929663,0.3226498851,0
14.08,-1.76515905,0.321920791,0
14.09,-1.766386792,0.3211898467,0
14.1,-1.767612886,0.3204570468,0
14.11,-1.768837326,0.3197223862,0
14.12,-1.770060108,0.3189858594,0
14.13,-1.771281227,0.3182474609,0
14.14,-1.772500679,0.3175071849,0
14.15,-1.773718461,0.3167650256,0
14.16,-1.774934567,0.3160209771,0
14.17,-1.776148994,0.3152750332,0
14.18,-1.777361739,0.3145271876,0
14.19,-1.778572797,0.3137774339,0
14.2,-1.779782164,0.3130257656,0
14.21,-1.780989837,0.312272176,0
14.22,-1.782195813,0.3115166583,0
14.23,-1.783400088,0.3107592055,0
14.24,-1.784602658,0.3099998103,0
14.25,-1.785803521,0.3092384658,0
14.26,-1.787002672,0.3084751644,0
14.27,-1.788200109,0.3077098987,0
14.28,-1.789395828,0.306942661,0
14.29,-1.790589827,0.3061734435,0
14.3,-1.791782102,0.3054022383,0
14.31,-1.79297265,0.3046290374,0
14.32,-1.794161468,0.3038538326,0
14.33,-1.795348553,0.3030766156,0
14.34,-1.796533901,0.3022973778,0
14.35,-1.797717511,0.3015161109,0
14.36,-1.798899378,0.3007328061,0
14.37,-1.800079501,0.2999474545,0
14.38,-1.801257874,0.2991600473,0
14.39,-1.802434497,0.2983705754,0
14.4,-1.803609365,0.2975790296,0
14.41,-1.804782477,0.2967854006,0
14.42,-1.805953826,0.295989679,0
14.43,-1.807123413,0.2951918552,0
14.44,-1.808291233,0.2943919196,0
14.45,-1.809457283,0.2935898625,0
14.46,-1.810621559,0.2927856739,0
14.47,-1.811784059,0.2919793439,0
14.48,-1.812944778,0.2911708624,0
14.49,-1.814103714,0.2903602192,0
14.5,-1.815260863,0.289547404,0
14.51,-1.816416221,0.2887324064,0
14.52,-1.817569785,0.2879152158,0
14.53,-1.818721551,0.2870958218,0
14.54,-1.819871514,0.2862742135,0
14.55,-1.821019672,0.2854503802,0
14.56,-1.822166019,0.2846243109,0
14.57,-1.823310553,0.2837959949,0
14.58,-1.824453267,0.282965421,0
14.59,-1.825594159,0.2821325778,0
14.6,-1.826733223,0.2812974543,0
14.61,-1.827870455,0.2804600393,0
14.62,-1.82900585,0.2796203212,0
14.63,-1.830139403,0.2787782886,0
14.64,-1.831271109,0.2779339299,0
14.65,-1.832400963,0.2770872336,0
14.66,-1.833528959,0.2762381879,0
14.67,-1.834655091,0.2753867811,0
14.68,-1.835779355,0.2745330014,0
14.69,-1.836901743,0.2736768369,0
14.7,-1.838022251,0.2728182757,0
14.71,-1.839140872,0.2719573056,0
14.72,-1.840257598,0.2710939149,0
14.73,-1.841372424,0.2702280913,0
14.74,-1.842485343,0.2693598227,0
14.75,-1.843596347,0.2684890968,0
14.76,-1.84470543,0.2676159017,0
14.77,-1.845812583,0.2667402247,0
14.78,-1.8469178,0.2658620537,0
14.79,-1.848021072,0.2649813765,0
14.8,-1.849122391,0.2640981805,0
14.81,-1.850221749,0.2632124534,0
14.82,-1.851319137,0.2623241827,0
14.83,-1.852414545,0.2614333561,0
14.84,-1.853507966,0.2605399611,0
14.85,-1.854599389,0.2596439852,0
14.86,-1.855688806,0.2587454158,0
14.87,-1.856776205,0.2578442407,0
14.88,-1.857861577,0.2569404471,0
14.89,-1.858944912,0.2560340226,0
14.9,-1.860026198,0.2551249549,0
14.91,-1.861105426,0.2542132312,0
14.92,-1.862182582,0.2532988391,0
14.93,-1.863257657,0.2523817664,0
14.94,-1.864330639,0.2514620002,0
14.95,-1.865401513,0.2505395285,0
14.96,-1.86647027,0.2496143386,0
14.97,-1.867536895,0.2486864181,0
14.98,-1.868601375,0.2477557548,0
14.99,-1.869663699,0.2468223364,0
15,-1.870723851,0.2458861505,0
15.01,-1.871781818,0.2449471848,0
15.02,-1.872837585,0.2440054273,0
15.03,-1.873891138,0.2430608656,0
15.04,-1.874942461,0.2421134877,0
15.05,-1.87599154,0.2411632817,0
15.06,-1.877038359,0.2402102356,0
15.07,-1.878082903,0.2392543372,0
15.08,-1.879125153,0.2382955749,0
15.09,-1.880165094,0.2373339369,0
15.1,-1.88120271,0.2363694115,0
15.11,-1.882237982,0.235401987,0
15.12,-1.883270894,0.2344316518,0
15.13,-1.884301426,0.2334583947,0
15.14,-1.88532956,0.2324822041,0
15.15,-1.886355279,0.2315030688,0
15.16,-1.887378562,0.2305209778,0
15.17,-1.888399391,0.22953592,0
15.18,-1.889417746,0.2285478843,0
15.19,-1.890433604,0.22755686,0
15.2,-1.891446949,0.2265628364,0
15.21,-1.892457758,0.2255658028,0
15.22,-1.893466008,0.2245657489,0
15.23,-1.89447168,0.2235626644,0
15.24,-1.895474751,0.222556539,0
15.25,-1.896475198,0.2215473625,0
15.26,-1.897473,0.2205351254,0
15.27,-1.898468133,0.2195198177,0
15.28,-1.899460572,0.2185014298,0
15.29,-1.900450296,0.2174799522,0
15.3,-1.901437277,0.2164553759,0
15.31,-1.902421494,0.2154276915,0
15.32,-1.903402921,0.2143968903,0
15.33,-1.904381531,0.2133629634,0
15.34,-1.905357301,0.2123259023,0
15.35,-1.906330202,0.2112856985,0
15.36,-1.907300211,0.2102423439,0
15.37,-1.908267298,0.2091958305,0
15.38,-1.909231436,0.2081461503,0
15.39,-1.9101926,0.207093296,0
15.4,-1.911150761,0.20603726,0
15.41,-1.912105889,0.2049780353,0
15.42,-1.913057956,0.2039156147,0
15.43,-1.914006934,0.2028499915,0
15.44,-1.914952793,0.2017811594,0
15.45,-1.915895504,0.2007091118,0
15.46,-1.916835036,0.199633843,0
15.47,-1.917771357,0.1985553469,0
15.48,-1.918704439,0.197473618,0
15.49,-1.91963425,0.196388651,0
15.5,-1.920560756,0.1953004409,0
15.51,-1.921483929,0.1942089828,0
15.52,-1.922403734,0.1931142721,0
15.53,-1.92332014,0.1920163046,0
15.54,-1.924233112,0.1909150763,0
15.55,-1.925142618,0.1898105834,0
15.56,-1.926048625,0.1887028224,0
15.57,-1.926951097,0.1875917903,0
15.58,-1.927850002,0.1864774839,0
15.59,-1.928745304,0.1853599007,0
15.6,-1.929636968,0.1842390386,0
15.61,-1.930524959,0.1831148952,0
15.62,-1.931409242,0.1819874692,0
15.63,-1.93228978,0.1808567589,0
15.64,-1.933166537,0.1797227632,0
15.65,-1.934039477,0.1785854815,0
15.66,-1.934908564,0.1774449132,0
15.67,-1.935773757,0.1763010581,0
15.68,-1.936635023,0.1751539166,0
15.69,-1.937492323,0.174003489,0
15.7,-1.938345617,0.1728497761,0
15.71,-1.939194869,0.1716927793,0
15.72,-1.940040039,0.1705324999,0
15.73,-1.940881089,0.16936894,0
15.74,-1.941717979,0.1682021015,0
15.75,-1.942550671,0.1670319872,0
15.76,-1.943379125,0.1658585999,0
15.77,-1.9442033,0.1646819428,0
15.78,-1.945023157,0.1635020196,0
15.79,-1.945838655,0.1623188344,0
15.8,-1.946649754,0.1611323914,0
15.81,-1.947456413,0.1599426954,0
15.82,-1.948258591,0.1587497514,0
15.83,-1.949056247,0.1575535651,0
15.84,-1.949849338,0.1563541421,0
15.85,-1.950637825,0.1551514886,0
15.86,-1.951421664,0.1539456114,0
15.87,-1.952200814,0.1527365175,0
15.88,-1.952975233,0.1515242142,0
15.89,-1.953744879,0.1503087094,0
15.9,-1.954509708,0.1490900111,0
15.91,-1.955269679,0.147868128,0
15.92,-1.956024748,0.146643069,0
15.93,-1.956774873,0.1454148434,0
15.94,-1.957520011,0.1441834612,0
15.95,-1.958260118,0.1429489324,0
15.96,-1.958995151,0.1417112676,0
15.97,-1.959725067,0.1404704779,0
15.98,-1.960449823,0.1392265745,0
15.99,-1.961169375,0.1379795695,0
16,-1.961883679,0.1367294749,0
16.01,-1.962592692,0.1354763036,0
16.02,-1.96329637,0.1342200683,0
16.03,-1.963994669,0.1329607828,0
16.04,-1.964687547,0.1316984608,0
16.05,-1.965374957,0.1304331168,0
16.06,-1.966056858,0.1291647654,0
16.07,-1.966733206,0.1278934219,0
16.08,-1.967403955,0.1266191019,0
16.09,-1.968069064,0.1253418212,0
16.1,-1.968728488,0.1240615964,0
16.11,-1.969382183,0.1227784444,0
16.12,-1.970030105,0.1214923824,0
16.13,-1.970672213,0.1202034283,0
16.14,-1.971308461,0.1189116,0
16.15,-1.971938806,0.1176169164,0
16.16,-1.972563205,0.1163193962,0
16.17,-1.973181615,0.1150190589,0
16.18,-1.973793994,0.1137159244,0
16.19,-1.974400298,0.112410013,0
16.2,-1.975000483,0.1111013453,0
16.21,-1.975594509,0.1097899426,0
16.22,-1.976182332,0.1084758262,0
16.23,-1.97676391,0.1071590182,0
16.24,-1.977339201,0.1058395409,0
16.25,-1.977908162,0.1045174172,0
16.26,-1.978470754,0.1031926702,0
16.27,-1.979026933,0.1018653236,0
16.28,-1.97957666,0.1005354013,0
16.29,-1.980119893,0.09920292788,0
16.3,-1.98065659,0.09786792809,0
16.31,-1.981186712,0.09653042716,0
16.32,-1.981710219,0.09519045074,0
16.33,-1.982227071,0.09384802488,0
16.34,-1.982737227,0.09250317599,0
16.35,-1.983240651,0.0911559309,0
16.36,-1.9837373,0.08980631681,0
16.37,-1.984227139,0.0884543613,0
16.38,-1.984710128,0.08710009236,0
16.39,-1.985186228,0.08574353833,0
16.4,-1.985655404,0.08438472792,0
16.41,-1.986117617,0.08302369024,0
16.42,-1.98657283,0.08166045474,0
16.43,-1.987021009,0.08029505124,0
16.44,-1.987462115,0.07892750992,0
16.45,-1.987896114,0.0775578613,0
16.46,-1.988322972,0.07618613628,0
16.47,-1.988742651,0.07481236607,0
16.48,-1.98915512,0.07343658225,0
16.49,-1.989560344,0.0720588167,0
16.5,-1.989958289,0.07067910168,0
16.51,-1.990348922,0.06929746975,0
16.52,-1.990732211,0.06791395377,0
16.53,-1.991108124,0.06652858696,0
16.54,-1.991476631,0.06514140283,0
16.55,-1.991837699,0.06375243519,0
16.56,-1.992191299,0.06236171816,0
16.57,-1.9925374,0.06096928617,0
16.58,-1.992875973,0.0595751739,0
16.59,-1.99320699,0.05817941637,0
16.6,-1.993530422,0.05678204882,0
16.61,-1.993846242,0.05538310683,0
16.62,-1.994154422,0.05398262618,0
16.63,-1.994454936,0.05258064296,0
16.64,-1.994747758,0.05117719351,0
16.65,-1.995032863,0.04977231441,0
16.66,-1.995310224,0.04836604248,0
16.67,-1.99557982,0.04695841479,0
16.68,-1.995841626,0.04554946864,0
16.69,-1.996095619,0.04413924157,0
16.7,-1.996341778,0.0427277713,0
16.71,-1.996580079,0.04131509581,0
16.72,-1.996810502,0.03990125326,0
16.73,-1.997033027,0.03848628202,0
16.74,-1.997247634,0.03707022066,0
16.75,-1.997454305,0.03565310792,0
16.76,-1.99765302,0.03423498274,0
16.77,-1.997843762,0.03281588424,0
16.78,-1.998026515,0.03139585168,0
16.79,-1.99820126,0.02997492451,0
16.8,-1.998367985,0.02855314232,0
16.81,-1.998526671,0.02713054485,0
16.82,-1.998677307,0.02570717199,0
16.83,-1.998819877,0.02428306375,0
16.84,-1.99895437,0.02285826029,0
16.85,-1.999080773,0.02143280187,0
16.86,-1.999199075,0.02000672886,0
16.87,-1.999309265,0.01858008177,0
16.88,-1.999411333,0.01715290117,0
16.89,-1.99950527,0.01572522775,0
16.9,-1.999591067,0.01429710226,0
16.91,-1.999668717,0.01286856556,0
16.92,-1.999738212,0.01143965858,0
16.93,-1.999799545,0.01001042227,0
16.94,-1.999852712,0.008580897691,0
16.95,-1.999897709,0.007151125923,0
16.96,-1.999934529,0.0057211481,0
16.97,-1.999963171,0.004291005389,0
16.98,-1.999983631,0.002860738987,0
16.99,-1.999995908,0.001430390114,0
17,-2,6.123233996e-17,0
17.01,-1.999995908,-0.001430390113,0
17.02,-1.999983631,-0.002860738987,0
17.03,-1.999963171,-0.004291005389,0
17.04,-1.999934529,-0.005721148099,0
17.05,-1.999897709,-0.007151125922,0
17.06,-1.999852712,-0.00858089769,0
17.07,-1.999799545,-0.01001042227,0
17.08,-1.999738212,-0.01143965858,0
17.09,-1.999668717,-0.01286856557,0
17.1,-1.999591067,-0.01429710226,0
17.11,-1.99950527,-0.01572522774,0
17.12,-1.999411333,-0.01715290117,0
17.13,-1.999309265,-0.01858008177,0
17.14,-1.999199075,-0.02000672886,0
17.15,-1.999080773,-0.02143280187,0
17.16,-1.99895437,-0.02285826029,0
17.17,-1.998819877,-0.02428306375,0
17.18,-1.998677307,-0.02570717199,0
17.19,-1.998526671,-0.02713054485,0
17.2,-1.998367985,-0.02855314232,0
17.21,-1.99820126,-0.0299749245,0
17.22,-1.998026515,-0.03139585167,0
17.23,-1.997843762,-0.03281588424,0
17.24,-1.99765302,-0.03423498274,0
17.25,-1.997454305,-0.03565310792,0
17.26,-1.997247634,-0.03707022066,0
17.27,-1.997033027,-0.03848628202,0
17.28,-1.996810502,-0.03990125326,0
17.29,-1.996580079,-0.04131509581,0
17.3,-1.996341778,-0.0427277713,0
17.31,-1.996095619,-0.04413924157,0
17.32,-1.995841626,-0.04554946864,0
17.33,-1.99557982,-0.04695841479,0
17.34,-1.995310224,-0.04836604248,0
17.35,-1.995032863,-0.04977231441,0
17.36,-1.994747758,-0.05117719351,0
17.37,-1.994454936,-0.05258064296,0
17.38,-1.994154422,-0.05398262618,0
17.39,-1.993846242,-0.05538310683,0
17.4,-1.993530422,-0.05678204882,0
17.41,-1.99320699,-0.05817941637,0
17.42,-1.992875973,-0.0595751739,0
17.43,-1.9925374,-0.06096928617,0
17.44,-1.992191299,-0.06236171816,0
17.45,-1.991837699,-0.06375243519,0
17.46,-1.991476631,-0.06514140283,0
17.47,-1.991108124,-0.06652858696,0
17.48,-1.990732211,-0.06791395377,0
17.49,-1.990348922,-0.06929746975,0
17.5,-1.989958289,-0.07067910168,0
17.51,-1.989560344,-0.0720588167,0
17.52,-1.98915512,-0.07343658225,0
17.53,-1.988742651,-0.07481236607,0
17.54,-1.988322972,-0.07618613628,0
17.55,-1.987896114,-0.0775578613,0
17.56,-1.987462115,-0.07892750992,0
17.57,-1.987021009,-0.08029505124,0
17.58,-1.98657283,-0.08166045474,0
17.59,-1.986117617,-0.08302369024,0
17.6,-1.985655404,-0.08438472792,0
17.61,-1.985186228,-0.08574353833,0
17.62,-1.984710128,-0.08710009236,0
17.63,-1.984227139,-0.0884543613,0
17.64,-1.9837373,-0.08980631681,0
17.65,-1.983240651,-0.0911559309,0
17.66,-1.982737227,-0.09250317599,0
17.67,-1.982227071,-0.09384802488,0
17.68,-1.981710219,-0.09519045074,0
17.69,-1.981186712,-0.09653042716,0
17.7,-1.98065659,-0.09786792809,0
17.71,-1.980119893,-0.09920292788,0
17.72,-1.97957666,-0.1005354013,0
17.73,-1.979026933,-0.1018653236,0
17.74,-1.978470754,-0.1031926702,0
17.75,-1.977908162,-0.1045174172,0
17.76,-1.977339201,-0.1058395409,0
17.77,-1.97676391,-0.1071590182,0
17.78,-1.976182332,-0.1084758262,0
17.79,-1.975594509,-0.1097899426,0
17.8,-1.975000483,-0.1111013453,0
17.81,-1.974400298,-0.112410013,0
17.82,-1.973793994,-0.1137159244,0
17.83,-1.973181615,-0.1150190589,0
17.84,-1.972563205,-0.1163193962,0
17.85,-1.971938806,-0.1176169164,0
17.86,-1.971308461,-0.1189116,0
17.87,-1.970672213,-0.1202034283,0
17.88,-1.970030105,-0.1214923824,0
17.89,-1.969382183,-0.1227784444,0
17.9,-1.968728488,-0.1240615964,0
17.91,-1.968069064,-0.1253418212,0
17.92,-1.967403955,-0.1266191019,0
17.93,-1.966733206,-0.1278934219,0
17.94,-1.966056858,-0.1291647654,0
17.95,-1.965374957,-0.1304331168,0
17.96,-1.964687547,-0.1316984608,0
17.97,-1.963994669,-0.1329607828,0
17.98,-1.96329637,-0.1342200683,0
17.99,-1.962592692,-0.1354763036,0
18,-1.961883679,-0.1367294749,0
18.01,-1.961169375,-0.1379795695,0
18.02,-1.960449823,-0.1392265745,0
18.03,-1.959725067,-0.1404704779,0
18.04,-1.958995151,-0.1417112676,0
18.05,-1.958260118,-0.1429489324,0
18.06,-1.957520011,-0.1441834612,0
18.07,-1.956774873,-0.1454148434,0
18.08,-1.956024748,-0.146643069,0
18.09,-1.955269679,-0.147868128,0
18.1,-1.954509708,-0.1490900111,0
18.11,-1.953744879,-0.1503087094,0
18.12,-1.952975233,-0.1515242142,0
18.13,-1.952200814,-0.1527365175,0
18.14,-1.951421664,-0.1539456114,0
18.15,-1.950637825,-0.1551514886,0
18.16,-1.949849338,-0.1563541421,0
18.17,-1.949056247,-0.1575535651,0
18.18,-1.948258591,-0.1587497514,0
18.19,-1.947456413,-0.1599426954,0
18.2,-1.946649754,-0.1611323914,0
18.21,-1.945838655,-0.1623188344,0
18.22,-1.945023157,-0.1635020196,0
18.23,-1.9442033,-0.1646819428,0
18.24,-1.943379125,-0.1658585999,0
18.25,-1.942550671,-0.1670319872,0
18.26,-1.941717979,-0.1682021015,0
18.27,-1.940881089,-0.16936894,0
18.28,-1.940040039,-0.1705324999,0
18.29,-1.939194869,-0.1716927793,0
18.3,-1.938345617,-0.1728497761,0
18.31,-1.937492323,-0.174003489,0
18.32,-1.936635023,-0.1751539166,0
18.33,-1.935773757,-0.1763010581,0
18.34,-1.934908564,-0.1774449132,0
18.35,-1.934039477,-0.1785854815,0
18.36,-1.933166537,-0.1797227632,0
18.37,-1.93228978,-0.1808567589,0
18.38,-1.931409242,-0.1819874692,0
18.39,-1.930524959,-0.1831148952,0
18.4,-1.929636968,-0.1842390385,0
18.41,-1.928745304,-0.1853599007,0
18.42,-1.927850002,-0.1864774839,0
18.43,-1.926951097,-0.1875917903,0
18.44,-1.926048625,-0.1887028224,0
18.45,-1.925142618,-0.1898105834,0
18.46,-1.924233112,-0.1909150763,0
18.47,-1.92332014,-0.1920163046,0
18.48,-1.922403734,-0.1931142721,0
18.49,-1.921483929,-0.1942089828,0
18.5,-1.920560756,-0.1953004409,0
18.51,-1.91963425,-0.196388651,0
18.52,-1.918704439,-0.197473618,0
18.53,-1.917771357,-0.1985553469,0
18.54,-1.916835036,-0.199633843,0
18.55,-1.915895504,-0.2007091118,0
18.56,-1.914952793,-0.2017811594,0
18.57,-1.914006934,-0.2028499915,0
18.58,-1.913057956,-0.2039156147,0
18.59,-1.912105889,-0.2049780353,0
18.6,-1.911150761,-0.20603726,0
18.61,-1.9101926,-0.207093296,0
18.62,-1.909231436,-0.2081461503,0
18.63,-1.908267298,-0.2091958305,0
18.64,-1.907300211,-0.2102423439,0
18.65,-1.906330202,-0.2112856985,0
18.66,-1.905357301,-0.2123259023,0
18.67,-1.904381531,-0.2133629634,0
18.68,-1.903402921,-0.2143968903,0
18.69,-1.902421494,-0.2154276915,0
18.7,-1.901437277,-0.2164553759,0
18.71,-1.900450296,-0.2174799522,0
18.72,-1.899460572,-0.2185014298,0
18.73,-1.898468133,-0.2195198177,0
18.74,-1.897473,-0.2205351254,0
18.75,-1.896475198,-0.2215473625,0
18.76,-1.895474751,-0.222556539,0
18.77,-1.89447168,-0.2235626644,0
18.78,-1.893466008,-0.2245657489,0
18.79,-1.892457758,-0.2255658028,0
18.8,-1.891446949,-0.2265628364,0
18.81,-1.890433604,-0.22755686,0
18.82,-1.889417746,-0.2285478843,0
18.83,-1.888399391,-0.22953592,0
18.84,-1.887378562,-0.2305209778,0
18.85,-1.886355279,-0.2315030688,0
18.86,-1.88532956,-0.2324822041,0
18.87,-1.884301426,-0.2334583947,0
18.88,-1.883270894,-0.2344316518,0
18.89,-1.882237982,-0.235401987,0
18.9,-1.88120271,-0.2363694115,0
18.91,-1.880165094,-0.2373339369,0
18.92,-1.879125153,-0.2382955749,0
18.93,-1.878082903,-0.2392543372,0
18.94,-1.877038359,-0.2402102356,0
18.95,-1.87599154,-0.2411632817,0
18.96,-1.874942461,-0.2421134877,0
18.97,-1.873891138,-0.2430608656,0
18.98,-1.872837585,-0.2440054273,0
18.99,-1.871781818,-0.2449471848,0
19,-1.870723851,-0.2458861505,0
19.01,-1.869663699,-0.2468223364,0
19.02,-1.868601375,-0.2477557548,0
19.03,-1.867536895,-0.2486864181,0
19.04,-1.86647027,-0.2496143386,0
19.05,-1.865401513,-0.2505395285,0
19.06,-1.864330639,-0.2514620002,0
19.07,-1.863257657,-0.2523817664,0
19.08,-1.862182582,-0.2532988391,0
19.09,-1.861105426,-0.2542132312,0
19.1,-1.860026198,-0.2551249549,0
19.11,-1.858944912,-0.2560340226,0
19.12,-1.857861577,-0.2569404471,0
19.13,-1.856776205,-0.2578442407,0
19.14,-1.855688806,-0.2587454158,0
19.15,-1.854599389,-0.2596439851,0
19.16,-1.853507966,-0.2605399611,0
19.17,-1.852414545,-0.2614333561,0
19.18,-1.851319137,-0.2623241827,0
19.19,-1.850221749,-0.2632124534,0
19.2,-1.849122391,-0.2640981805,0
19.21,-1.848021072,-0.2649813765,0
19.22,-1.8469178,-0.2658620537,0
19.23,-1.845812583,-0.2667402247,0
19.24,-1.84470543,-0.2676159017,0
19.25,-1.843596347,-0.2684890968,0
19.26,-1.842485343,-0.2693598227,0
19.27,-1.841372424,-0.2702280913,0
19.28,-1.840257598,-0.2710939149,0
19.29,-1.839140872,-0.2719573056,0
19.3,-1.838022251,-0.2728182757,0
19.31,-1.836901743,-0.2736768369,0
19.32,-1.835779355,-0.2745330014,0
19.33,-1.834655091,-0.2753867811,0
19.34,-1.833528959,-0.2762381879,0
19.35,-1.832400963,-0.2770872336,0
19.36,-1.831271109,-0.2779339299,0
19.37,-1.830139403,-0.2787782886,0
19.38,-1.82900585,-0.2796203212,0
19.39,-1.827870455,-0.2804600393,0
19.4,-1.826733223,-0.2812974543,0
19.41,-1.825594159,-0.2821325778,0
19.42,-1.824453267,-0.282965421,0
19.43,-1.823310553,-0.2837959949,0
19.44,-1.822166019,-0.2846243109,0
19.45,-1.821019672,-0.2854503802,0
19.46,-1.819871514,-0.2862742135,0
19.47,-1.818721551,-0.2870958218,0
19.48,-1.817569785,-0.2879152158,0
19.49,-1.816416221,-0.2887324064,0
19.5,-1.815260863,-0.289547404,0
19.51,-1.814103714,-0.2903602192,0
19.52,-1.812944778,-0.2911708624,0
19.53,-1.811784059,-0.2919793439,0
19.54,-1.810621559,-0.2927856739,0
19.55,-1.809457283,-0.2935898625,0
19.56,-1.808291233,-0.2943919196,0
19.57,-1.807123413,-0.2951918552,0
19.58,-1.805953826,-0.295989679,0
19.59,-1.804782477,-0.2967854006,0
19.6,-1.803609365,-0.2975790296,0
19.61,-1.802434497,-0.2983705754,0
19.62,-1.801257874,-0.2991600473,0
19.63,-1.800079501,-0.2999474545,0
19.64,-1.798899378,-0.3007328061,0
19.65,-1.797717511,-0.3015161109,0
19.66,-1.796533901,-0.3022973778,0
19.67,-1.795348553,-0.3030766156,0
19.68,-1.794161468,-0.3038538326,0
19.69,-1.79297265,-0.3046290374,0
19.7,-1.791782102,-0.3054022383,0
19.71,-1.790589827,-0.3061734435,0
19.72,-1.789395828,-0.306942661,0
19.73,-1.788200109,-0.3077098987,0
19.74,-1.787002672,-0.3084751644,0
19.75,-1.785803521,-0.3092384658,0
19.76,-1.784602658,-0.3099998103,0
19.77,-1.783400088,-0.3107592055,0
19.78,-1.782195813,-0.3115166583,0
19.79,-1.780989837,-0.312272176,0
19.8,-1.779782164,-0.3130257656,0
19.81,-1.778572797,-0.3137774339,0
19.82,-1.777361739,-0.3145271876,0
19.83,-1.776148994,-0.3152750332,0
19.84,-1.774934567,-0.3160209771,0
19.85,-1.773718461,-0.3167650256,0
19.86,-1.772500679,-0.3175071849,0
19.87,-1.771281227,-0.3182474609,0
19.88,-1.770060108,-0.3189858594,0
19.89,-1.768837326,-0.3197223862,0
19.9,-1.767612886,-0.3204570468,0
19.91,-1.766386792,-0.3211898467,0
19.92,-1.76515905,-0.321920791,0
19.93,-1.763929663,-0.3226498851,0
19.94,-1.762698636,-0.3233771338,0
19.95,-1.761465976,-0.324102542,0
19.96,-1.760231685,-0.3248261144,0
19.97,-1.758995771,-0.3255478556,0
19.98,-1.757758238,-0.32626777,0
19.99,-1.756519092,-0.3269858618,0
20,-1.755278339,-0.3277021354,0
20.01,-1.754035984,-0.3284165946,0
20.02,-1.752792033,-0.3291292432,0
20.03,-1.751546494,-0.3298400851,0
20.04,-1.750299371,-0.3305491239,0
20.05,-1.749050672,-0.3312563628,0
20.06,-1.747800403,-0.3319618054,0
20.07,-1.746548571,-0.3326654547,0
20.08,-1.745295183,-0.3333673137,0
20.09,-1.744040247,-0.3340673855,0
20.1,-1.742783769,-0.3347656727,0
20.11,-1.741525757,-0.335462178,0
20.12,-1.740266219,-0.3361569038,0
20.13,-1.739005162,-0.3368498527,0
20.14,-1.737742597,-0.3375410267,0
20.15,-1.736478529,-0.338230428,0
20.16,-1.735212969,-0.3389180586,0
20.17,-1.733945924,-0.3396039204,0
20.18,-1.732677403,-0.340288015,0
20.19,-1.731407415,-0.3409703441,0
20.2,-1.730135971,-0.3416509093,0
20.21,-1.728863079,-0.3423297117,0
20.22,-1.72758875,-0.3430067527,0
20.23,-1.726312992,-0.3436820335,0
20.24,-1.725035817,-0.3443555549,0
20.25,-1.723757233,-0.3450273181,0
20.26,-1.722477254,-0.3456973237,0
20.27,-1.721195888,-0.3463655723,0
20.28,-1.719913146,-0.3470320647,0
20.29,-1.718629041,-0.3476968012,0
20.3,-1.717343583,-0.3483597822,0
20.31,-1.716056784,-0.349021008,0
20.32,-1.714768656,-0.3496804787,0
20.33,-1.71347921,-0.3503381944,0
20.34,-1.71218846,-0.3509941551,0
20.35,-1.710896417,-0.3516483606,0
20.36,-1.709603095,-0.3523008108,0
20.37,-1.708308505,-0.3529515053,0
20.38,-1.707012662,-0.3536004438,0
20.39,-1.705715578,-0.3542476259,0
20.4,-1.704417268,-0.3548930508,0
20.41,-1.703117744,-0.3555367181,0
20.42,-1.701817019,-0.356178627,0
20.43,-1.700515111,-0.3568187767,0
20.44,-1.699212031,-0.3574571666,0
20.45,-1.697907795,-0.3580937956,0
20.46,-1.696602417,-0.3587286628,0
20.47,-1.695295912,-0.3593617671,0
20.48,-1.693988296,-0.3599931076,0
20.49,-1.692679583,-0.360622683,0
20.5,-1.69136979,-0.3612504922,0
20.51,-1.690058931,-0.361876534,0
20.52,-1.688747023,-0.362500807,0
20.53,-1.687434082,-0.36312331,0
20.54,-1.686120124,-0.3637440416,0
20.55,-1.684805166,-0.3643630005,0
20.56,-1.683489222,-0.3649801851,0
20.57,-1.682172312,-0.3655955941,0
20.58,-1.680854452,-0.3662092259,0
20.59,-1.679535659,-0.366821079,0
20.6,-1.678215949,-0.3674311518,0
20.61,-1.676895341,-0.3680394429,0
20.62,-1.67557385,-0.3686459506,0
20.63,-1.674251498,-0.3692506733,0
20.64,-1.672928298,-0.3698536095,0
20.65,-1.671604272,-0.3704547575,0
20.66,-1.670279436,-0.3710541155,0
20.67,-1.668953808,-0.3716516822,0
20.68,-1.667627407,-0.3722474558,0
20.69,-1.666300251,-0.3728414346,0
20.7,-1.664972359,-0.3734336171,0
20.71,-1.663643749,-0.3740240015,0
20.72,-1.66231444,-0.3746125863,0
20.73,-1.660984452,-0.37519937,0
20.74,-1.659653802,-0.3757843507,0
20.75,-1.65832251,-0.3763675271,0
20.76,-1.656990594,-0.3769488975,0
20.77,-1.655658075,-0.3775284603,0
20.78,-1.654324971,-0.3781062141,0
20.79,-1.652991302,-0.3786821574,0
20.8,-1.651657086,-0.3792562887,0
20.81,-1.650322343,-0.3798286065,0
20.82,-1.648987093,-0.3803991094,0
20.83,-1.647651355,-0.3809677962,0
20.84,-1.646315148,-0.3815346653,0
20.85,-1.644978493,-0.3820997156,0
20.86,-1.643641406,-0.3826629458,0
20.87,-1.642303911,-0.3832243546,0
20.88,-1.640966025,-0.383783941,0
20.89,-1.639627767,-0.3843417038,0
20.9,-1.638289158,-0.3848976419,0
20.91,-1.636950217,-0.3854517542,0
20.92,-1.635610963,-0.38600404,0
20.93,-1.634271416,-0.3865544983,0
20.94,-1.632931594,-0.3871031281,0
20.95,-1.631591518,-0.3876499288,0
20.96,-1.630251207,-0.3881948996,0
20.97,-1.62891068,-0.3887380398,0
20.98,-1.627569954,-0.389279349,0
20.99,-1.626229052,-0.3898188265,0
21,-1.62488799,-0.390356472,0
21.01,-1.623546788,-0.390892285,0
21.02,-1.622205465,-0.3914262653,0
21.03,-1.620864038,-0.3919584126,0
21.04,-1.619522528,-0.3924887269,0
21.05,-1.618180952,-0.393017208,0
21.06,-1.616839329,-0.3935438559,0
21.07,-1.615497677,-0.3940686709,0
21.08,-1.614156014,-0.3945916529,0
21.09,-1.612814357,-0.3951128025,0
21.1,-1.611472726,-0.3956321199,0
21.11,-1.610131136,-0.3961496054,0
21.12,-1.608789606,-0.3966652599,0
21.13,-1.607448154,-0.3971790838,0
21.14,-1.606106796,-0.3976910778,0
21.15,-1.604765548,-0.398201243,0
21.16,-1.603424428,-0.3987095801,0
21.17,-1.602083452,-0.3992160903,0
21.18,-1.600742637,-0.3997207745,0
21.19,-1.599401999,-0.4002236341,0
21.2,-1.598061553,-0.4007246704,0
21.21,-1.596721315,-0.4012238847,0
21.22,-1.5953813,-0.4017212788,0
21.23,-1.594041525,-0.4022168543,0
21.24,-1.592702002,-0.4027106128,0
21.25,-1.591362748,-0.4032025563,0
21.26,-1.590023776,-0.4036926867,0
21.27,-1.588685101,-0.4041810061,0
21.28,-1.587346736,-0.4046675168,0
21.29,-1.586008696,-0.405152221,0
21.3,-1.584670992,-0.4056351211,0
21.31,-1.583333639,-0.4061162197,0
21.32,-1.581996649,-0.4065955195,0
21.33,-1.580660034,-0.4070730231,0
21.34,-1.579323806,-0.4075487336,0
21.35,-1.577987978,-0.4080226537,0
21.36,-1.576652559,-0.4084947868,0
21.37,-1.575317562,-0.408965136,0
21.38,-1.573982997,-0.4094337047,0
21.39,-1.572648875,-0.4099004962,0
21.4,-1.571315204,-0.4103655143,0
21.41,-1.569981996,-0.4108287627,0
21.42,-1.56864926,-0.4112902451,0
21.43,-1.567317004,-0.4117499655,0
21.44,-1.565985236,-0.4122079278,0
21.45,-1.564653965,-0.4126641365,0
21.46,-1.5633232,-0.4131185957,0
21.47,-1.561992947,-0.4135713097,0
21.48,-1.560663212,-0.4140222832,0
21.49,-1.559334005,-0.4144715209,0
21.5,-1.558005328,-0.4149190275,0
21.51,-1.556677189,-0.4153648079,0
21.52,-1.555349593,-0.415808867,0
21.53,-1.554022546,-0.41625121,0
21.54,-1.552696051,-0.4166918423,0
21.55,-1.551370114,-0.4171307692,0
21.56,-1.550044736,-0.4175679959,0
21.57,-1.548719922,-0.4180035284,0
21.58,-1.547395674,-0.4184373722,0
21.59,-1.546071995,-0.4188695331,0
21.6,-1.544748887,-0.419300017,0
21.61,-1.543426351,-0.4197288301,0
21.62,-1.542104389,-0.4201559785,0
21.63,-1.540782999,-0.4205814684,0
21.64,-1.539462184,-0.4210053063,0
21.65,-1.538141942,-0.4214274986,0
21.66,-1.536822272,-0.4218480519,0
21.67,-1.535503174,-0.422266973,0
21.68,-1.534184646,-0.4226842687,0
21.69,-1.532866685,-0.4230999456,0
21.7,-1.531549288,-0.4235140111,0
21.71,-1.530232453,-0.4239264723,0
21.72,-1.528916175,-0.4243373362,0
21.73,-1.527600451,-0.4247466102,0
21.74,-1.526285276,-0.4251543017,0
21.75,-1.524970644,-0.4255604183,0
21.76,-1.523656551,-0.4259649674,0
21.77,-1.522342989,-0.4263679568,0
21.78,-1.521029954,-0.4267693944,0
21.79,-1.519717437,-0.4271692878,0
21.8,-1.518405431,-0.4275676451,0
21.81,-1.517093927,-0.4279644743,0
21.82,-1.515782918,-0.4283597835,0
21.83,-1.514472395,-0.4287535809,0
21.84,-1.513162348,-0.4291458747,0
21.85,-1.511852766,-0.4295366734,0
21.86,-1.51054364,-0.4299259852,0
21.87,-1.509234958,-0.4303138186,0
21.88,-1.507926711,-0.4307001822,0
21.89,-1.506618884,-0.4310850845,0
21.9,-1.505311466,-0.4314685343,0
21.91,-1.504004445,-0.4318505402,0
21.92,-1.502697805,-0.432231111,0
21.93,-1.501391536,-0.4326102555,0
21.94,-1.50008562,-0.4329879826,0
21.95,-1.498780045,-0.4333643012,0
21.96,-1.497474795,-0.4337392201,0
21.97,-1.496169854,-0.4341127485,0
21.98,-1.494865206,-0.4344848953,0
21.99,-1.493560835,-0.4348556695,0
22,-1.492256723,-0.4352250803,0
22.01,-1.490952854,-0.4355931368,0
22.02,-1.489649208,-0.435959848,0
22.03,-1.48834577,-0.436325223,0
22.04,-1.487042517,-0.4366892712,0
22.05,-1.485739433,-0.4370520015,0
22.06,-1.484436497,-0.4374134232,0
22.07,-1.48313369,-0.4377735454,0
22.08,-1.481830991,-0.4381323773,0
22.09,-1.480528379,-0.4384899282,0
22.1,-1.479225833,-0.4388462071,0
22.11,-1.477923332,-0.4392012231,0
22.12,-1.476620852,-0.4395549856,0
22.13,-1.475318373,-0.4399075036,0
22.14,-1.474015872,-0.4402587862,0
22.15,-1.472713324,-0.4406088425,0
22.16,-1.471410709,-0.4409576815,0
22.17,-1.470107999,-0.4413053123,0
22.18,-1.468805173,-0.441651744,0
22.19,-1.467502206,-0.4419969855,0
22.2,-1.466199073,-0.4423410458,0
22.21,-1.464895747,-0.4426839337,0
22.22,-1.463592207,-0.4430256582,0
22.23,-1.462288423,-0.4433662281,0
22.24,-1.460984371,-0.4437056521,0
22.25,-1.459680025,-0.444043939,0
22.26,-1.458375357,-0.4443810974,0
22.27,-1.457070343,-0.4447171359,0
22.28,-1.455764953,-0.4450520632,0
22.29,-1.454459162,-0.4453858877,0
22.3,-1.453152941,-0.4457186179,0
22.31,-1.451846263,-0.446050262,0
22.32,-1.450539101,-0.4463808285,0
22.33,-1.449231426,-0.4467103255,0
22.34,-1.447923209,-0.4470387613,0
22.35,-1.446614422,-0.4473661439,0
22.36,-1.445305037,-0.4476924812,0
22.37,-1.443995025,-0.4480177812,0
22.38,-1.442684356,-0.4483420517,0
22.39,-1.441373002,-0.4486653006,0
22.4,-1.440060935,-0.4489875353,0
22.41,-1.438748123,-0.4493087636,0
22.42,-1.437434539,-0.4496289928,0
22.43,-1.436120153,-0.4499482304,0
22.44,-1.434804933,-0.4502664835,0
22.45,-1.433488852,-0.4505837595,0
22.46,-1.432171881,-0.4509000654,0
22.47,-1.430853988,-0.4512154081,0
22.48,-1.429535144,-0.4515297944,0
22.49,-1.428215319,-0.4518432313,0
22.5,-1.426894483,-0.4521557253,0
22.51,-1.425572608,-0.4524672828,0
22.52,-1.424249662,-0.4527779104,0
22.53,-1.422925617,-0.4530876143,0
22.54,-1.421600442,-0.4533964007,0
22.55,-1.420274109,-0.4537042757,0
22.56,-1.418946586,-0.4540112451,0
22.57,-1.417617845,-0.4543173149,0
22.58,-1.416287856,-0.4546224906,0
22.59,-1.41495659,-0.4549267778,0
22.6,-1.413624019,-0.455230182,0
22.61,-1.412290111,-0.4555327084,0
22.62,-1.410954839,-0.4558343621,0
22.63,-1.409618174,-0.4561351483,0
22.64,-1.408280087,-0.4564350718,0
22.65,-1.406940549,-0.4567341373,0
22.66,-1.405599534,-0.4570323495,0
22.67,-1.404257011,-0.4573297127,0
22.68,-1.402912954,-0.4576262314,0
22.69,-1.401567334,-0.4579219097,0
22.7,-1.400220125,-0.4582167516,0
22.71,-1.398871299,-0.4585107611,0
22.72,-1.397520829,-0.4588039418,0
22.73,-1.396168688,-0.4590962975,0
22.74,-1.394814851,-0.4593878313,0
22.75,-1.393459291,-0.4596785469,0
22.76,-1.392101982,-0.4599684473,0
22.77,-1.390742898,-0.4602575352,0
22.78,-1.389382016,-0.4605458139,0
22.79,-1.38801931,-0.4608332857,0
22.8,-1.386654755,-0.4611199534,0
22.81,-1.385288327,-0.4614058192,0
22.82,-1.383920003,-0.4616908854,0
22.83,-1.382549759,-0.461975154,0
22.84,-1.381177574,-0.462258627,0
22.85,-1.379803423,-0.462541306,0
22.86,-1.378427286,-0.4628231927,0
22.87,-1.37704914,-0.4631042885,0
22.88,-1.375668964,-0.4633845946,0
22.89,-1.374286738,-0.4636641121,0
22.9,-1.372902442,-0.4639428421,0
22.91,-1.371516055,-0.4642207852,0
22.92,-1.370127558,-0.4644979421,0
22.93,-1.368736934,-0.4647743133,0
22.94,-1.367344163,-0.465049899,0
22.95,-1.365949229,-0.4653246994,0
22.96,-1.364552113,-0.4655987146,0
22.97,-1.363152799,-0.4658719441,0
22.98,-1.36175127,-0.4661443878,0
22.99,-1.360347512,-0.4664160452,0
23,-1.358941511,-0.4666869156,0
23.01,-1.357533251,-0.4669569981,0
23.02,-1.356122718,-0.4672262917,0
23.03,-1.3547099,-0.4674947954,0
23.04,-1.353294784,-0.4677625078,0
23.05,-1.351877359,-0.4680294276,0
23.06,-1.350457613,-0.4682955528,0
23.07,-1.349035535,-0.468560882,0
23.08,-1.347611116,-0.4688254131,0
23.09,-1.346184345,-0.4690891441,0
23.1,-1.344755216,-0.4693520726,0
23.11,-1.34332372,-0.4696141964,0
23.12,-1.34188985,-0.4698755128,0
23.13,-1.340453599,-0.4701360192,0
23.14,-1.339014961,-0.4703957127,0
23.15,-1.337573932,-0.4706545903,0
23.16,-1.336130507,-0.4709126488,0
23.17,-1.334684682,-0.471169885,0
23.18,-1.333236455,-0.4714262955,0
23.19,-1.331785824,-0.4716818766,0
23.2,-1.330332786,-0.4719366245,0
23.21,-1.328877342,-0.4721905356,0
23.22,-1.327419492,-0.4724436056,0
23.23,-1.325959237,-0.4726958305,0
23.24,-1.324496578,-0.472947206,0
23.25,-1.323031517,-0.4731977277,0
23.26,-1.321564058,-0.473447391,0
23.27,-1.320094206,-0.4736961913,0
23.28,-1.318621965,-0.4739441237,0
23.29,-1.317147341,-0.4741911833,0
23.3,-1.315670339,-0.4744373651,0
23.31,-1.314190969,-0.4746826638,0
23.32,-1.312709237,-0.4749270743,0
23.33,-1.311225153,-0.475170591,0
23.34,-1.309738725,-0.4754132084,0
23.35,-1.308249967,-0.4756549208,0
23.36,-1.306758888,-0.4758957226,0
23.37,-1.3052655,-0.4761356078,0
23.38,-1.303769818,-0.4763745706,0
23.39,-1.302271854,-0.4766126048,0
23.4,-1.300771625,-0.4768497042,0
23.41,-1.299269144,-0.4770858627,0
23.42,-1.29776443,-0.4773210738,0
23.43,-1.296257498,-0.477555331,0
23.44,-1.294748369,-0.477788628,0
23.45,-1.29323706,-0.4780209581,0
23.46,-1.291723592,-0.4782523145,0
23.47,-1.290207985,-0.4784826905,0
23.48,-1.288690261,-0.4787120793,0
23.49,-1.287170444,-0.478940474,0
23.5,-1.285648555,-0.4791678675,0
23.51,-1.284124618,-0.479394253,0
23.52,-1.28259866,-0.4796196231,0
23.53,-1.281070706,-0.4798439709,0
23.54,-1.279540784,-0.4800672892,0
23.55,-1.27800892,-0.4802895706,0
23.56,-1.276475142,-0.4805108078,0
23.57,-1.274939481,-0.4807309937,0
23.58,-1.273401965,-0.4809501208,0
23.59,-1.271862628,-0.4811681817,0
23.6,-1.2703215,-0.4813851691,0
23.61,-1.268778613,-0.4816010754,0
23.62,-1.267234001,-0.4818158933,0
23.63,-1.265687699,-0.4820296153,0
23.64,-1.26413974,-0.482242234,0
23.65,-1.262590163,-0.4824537418,0
23.66,-1.261039003,-0.4826641314,0
23.67,-1.259486297,-0.4828733952,0
23.68,-1.257932083,-0.483081526,0
23.69,-1.256376402,-0.4832885161,0
23.7,-1.254819291,-0.4834943584,0
23.71,-1.253260794,-0.4836990454,0
23.72,-1.251700949,-0.4839025698,0
23.73,-1.2501398,-0.4841049243,0
23.74,-1.248577389,-0.4843061017,0
23.75,-1.24701376,-0.4845060948,0
23.76,-1.245448956,-0.4847048965,0
23.77,-1.243883024,-0.4849024996,0
23.78,-1.242316009,-0.4850988974,0
23.79,-1.240747956,-0.4852940826,0
23.8,-1.239178913,-0.4854880486,0
23.81,-1.237608929,-0.4856807885,0
23.82,-1.236038049,-0.4858722956,0
23.83,-1.234466325,-0.4860625634,0
23.84,-1.232893805,-0.4862515852,0
23.85,-1.23132054,-0.4864393547,0
23.86,-1.229746581,-0.4866258655,0
23.87,-1.228171978,-0.4868111115,0
23.88,-1.226596784,-0.4869950862,0
23.89,-1.225021052,-0.487177784,0
23.9,-1.223444833,-0.4873591987,0
23.91,-1.221868184,-0.4875393248,0
23.92,-1.220291155,-0.4877181563,0
23.93,-1.218713804,-0.4878956878,0
23.94,-1.217136184,-0.4880719138,0
23.95,-1.215558351,-0.4882468291,0
23.96,-1.213980363,-0.4884204284,0
23.97,-1.212402273,-0.4885927067,0
23.98,-1.21082414,-0.4887636591,0
23.99,-1.20924602,-0.4889332808,0
24,-1.207667972,-0.4891015672,0
24.01,-1.206090054,-0.4892685138,0
24.02,-1.204512323,-0.4894341163,0
24.03,-1.202934838,-0.4895983705,0
24.04,-1.201357659,-0.4897612722,0
24.05,-1.199780844,-0.4899228177,0
24.06,-1.198204454,-0.4900830031,0
24.07,-1.196628548,-0.4902418249,0
24.08,-1.195053185,-0.4903992797,0
24.09,-1.193478427,-0.4905553641,0
24.1,-1.191904334,-0.4907100752,0
24.11,-1.190330966,-0.4908634098,0
24.12,-1.188758384,-0.4910153654,0
24.13,-1.187186649,-0.4911659392,0
24.14,-1.185615824,-0.4913151287,0
24.15,-1.184045967,-0.4914629317,0
24.16,-1.182477141,-0.4916093461,0
24.17,-1.180909407,-0.49175437,0
24.18,-1.179342827,-0.4918980015,0
24.19,-1.177777461,-0.492040239,0
24.2,-1.176213371,-0.4921810813,0
24.21,-1.174650619,-0.4923205269,0
24.22,-1.173089266,-0.4924585748,0
24.23,-1.171529373,-0.4925952241,0
24.24,-1.169971002,-0.4927304741,0
24.25,-1.168414212,-0.4928643242,0
24.26,-1.166859066,-0.4929967741,0
24.27,-1.165305625,-0.4931278236,0
24.28,-1.163753948,-0.4932574725,0
24.29,-1.162204096,-0.4933857212,0
24.3,-1.160656132,-0.4935125699,0
24.31,-1.159110111,-0.4936380191,0
24.32,-1.157566097,-0.4937620695,0
24.33,-1.156024148,-0.4938847221,0
24.34,-1.154484322,-0.4940059777,0
24.35,-1.15294668,-0.4941258377,0
24.36,-1.15141128,-0.4942443035,0
24.37,-1.149878181,-0.4943613766,0
24.38,-1.148347438,-0.4944770588,0
24.39,-1.14681911,-0.494591352,0
24.4,-1.145293255,-0.4947042583,0
24.41,-1.14376993,-0.49481578,0
24.42,-1.142249188,-0.4949259195,0
24.43,-1.140731087,-0.4950346795,0
24.44,-1.139215682,-0.4951420626,0
24.45,-1.137703028,-0.495248072,0
24.46,-1.136193178,-0.4953527107,0
24.47,-1.134686185,-0.4954559821,0
24.48,-1.133182103,-0.4955578896,0
24.49,-1.131680984,-0.4956584367,0
24.5,-1.13018288,-0.4957576274,0
24.51,-1.128687842,-0.4958554657,0
24.52,-1.12719592,-0.4959519556,0
24.53,-1.125707163,-0.4960471013,0
24.54,-1.124221619,-0.4961409074,0
24.55,-1.12273934,-0.4962333785,0
24.56,-1.12126037,-0.4963245193,0
24.57,-1.119784757,-0.4964143347,0
24.58,-1.118312546,-0.4965028298,0
24.59,-1.116843783,-0.4965900098,0
24.6,-1.115378511,-0.4966758801,0
24.61,-1.113916775,-0.4967604463,0
24.62,-1.112458617,-0.4968437139,0
24.63,-1.111004076,-0.4969256887,0
24.64,-1.109553196,-0.4970063767,0
24.65,-1.108106016,-0.497085784,0
24.66,-1.106662573,-0.4971639169,0
24.67,-1.105222907,-0.4972407815,0
24.68,-1.103787052,-0.4973163845,0
24.69,-1.102355047,-0.4973907325,0
24.7,-1.100926925,-0.4974638321,0
24.71,-1.099502719,-0.4975356902,0
24.72,-1.098082464,-0.497606314,0
24.73,-1.096666189,-0.4976757103,0
24.74,-1.095253926,-0.4977438866,0
24.75,-1.093845704,-0.49781085,0
24.76,-1.092441551,-0.4978766081,0
24.77,-1.091041494,-0.4979411683,0
24.78,-1.08964556,-0.4980045385,0
24.79,-1.088253773,-0.4980667263,0
24.8,-1.086866155,-0.4981277396,0
24.81,-1.085482731,-0.4981875863,0
24.82,-1.084103519,-0.4982462745,0
24.83,-1.082728542,-0.4983038124,0
24.84,-1.081357817,-0.4983602082,0
24.85,-1.079991361,-0.4984154701,0
24.86,-1.078629191,-0.4984696066,0
24.87,-1.07727132,-0.4985226262,0
24.88,-1.075917763,-0.4985745374,0
24.89,-1.074568532,-0.4986253489,0
24.9,-1.073223637,-0.4986750692,0
24.91,-1.071883087,-0.4987237071,0
24.92,-1.070546891,-0.4987712715,0
24.93,-1.069215055,-0.4988177713,0
24.94,-1.067887585,-0.4988632153,0
24.95,-1.066564484,-0.4989076125,0
24.96,-1.065245754,-0.4989509719,0
24.97,-1.063931398,-0.4989933025,0
24.98,-1.062621413,-0.4990346136,0
24.99,-1.061315798,-0.499074914,0
25,-1.06001455,-0.4991142131,0
25.01,-1.058717664,-0.4991525199,0
25.02,-1.057425133,-0.4991898439,0
25.03,-1.05613695,-0.4992261939,0
25.04,-1.054853106,-0.4992615795,0
25.05,-1.053573591,-0.4992960098,0
25.06,-1.052298389,-0.499329494,0
25.07,-1.05102749,-0.4993620414,0
25.08,-1.049760877,-0.4993936613,0
25.09,-1.048498533,-0.4994243628,0
25.1,-1.047240441,-0.4994541551,0
25.11,-1.045986579,-0.4994830477,0
25.12,-1.044736927,-0.4995110495,0
25.13,-1.043491462,-0.4995381699,0
25.14,-1.042250159,-0.4995644178,0
25.15,-1.041012991,-0.4995898025,0
25.16,-1.039779932,-0.499614333,0
25.17,-1.038550952,-0.4996380182,0
25.18,-1.037326019,-0.4996608673,0
25.19,-1.036105104,-0.4996828891,0
25.2,-1.034888169,-0.4997040925,0
25.21,-1.033675181,-0.4997244863,0
25.22,-1.032466103,-0.4997440792,0
25.23,-1.031260894,-0.49976288,0
25.24,-1.030059517,-0.4997808973,0
25.25,-1.028861928,-0.4997981394,0
25.26,-1.027668084,-0.499814615,0
25.27,-1.026477942,-0.4998303322,0
25.28,-1.025291454,-0.4998452994,0
25.29,-1.024108572,-0.4998595248,0
25.3,-1.022929246,-0.4998730163,0
25.31,-1.021753427,-0.499885782,0
25.32,-1.020581059,-0.4998978296,0
25.33,-1.019412092,-0.4999091668,0
25.34,-1.018246467,-0.4999198013,0
25.35,-1.017084129,-0.4999297404,0
25.36,-1.015925018,-0.4999389916,0
25.37,-1.014769074,-0.4999475618,0
25.38,-1.013616237,-0.4999554584,0
25.39,-1.012466442,-0.499962688,0
25.4,-1.011319625,-0.4999692574,0
25.41,-1.01017572,-0.4999751731,0
25.42,-1.009034658,-0.4999804417,0
25.43,-1.007896373,-0.4999850693,0
25.44,-1.006760793,-0.499989062,0
25.45,-1.005627846,-0.4999924255,0
25.46,-1.004497459,-0.4999951658,0
25.47,-1.003369557,-0.4999972882,0
25.48,-1.002244065,-0.4999987979,0
25.49,-1.001120906,-0.4999997003,0
25.5,-1,-0.5,0
25.51,-0.9988812679,-0.4999997018,0
25.52,-0.9977646283,-0.4999988102,0
25.53,-0.9966499987,-0.4999973292,0
25.54,-0.9955372953,-0.4999952631,0
25.55,-0.9944264331,-0.4999926155,0
25.56,-0.9933173259,-0.4999893899,0
25.57,-0.9922098862,-0.4999855897,0
25.58,-0.9911040254,-0.4999812179,0
25.59,-0.9899996537,-0.4999762773,0
25.6,-0.9888966802,-0.4999707703,0
25.61,-0.9877950129,-0.4999646992,0
25.62,-0.9866945587,-0.499958066,0
25.63,-0.9855952234,-0.4999508726,0
25.64,-0.9844969118,-0.4999431202,0
25.65,-0.9833995278,-0.4999348102,0
25.66,-0.9823029742,-0.4999259433,0
25.67,-0.9812071527,-0.4999165203,0
25.68,-0.9801119644,-0.4999065413,0
25.69,-0.9790173094,-0.4998960066,0
25.7,-0.9779230866,-0.4998849159,0
25.71,-0.9768291945,-0.4998732685,0
25.72,-0.9757355307,-0.4998610637,0
25.73,-0.9746419918,-0.4998483004,0
25.74,-0.973548474,-0.499834977,0
25.75,-0.9724548722,-0.4998210919,0
25.76,-0.9713610813,-0.4998066431,0
25.77,-0.970266995,-0.4997916281,0
25.78,-0.9691725069,-0.4997760444,0
25.79,-0.9680775095,-0.4997598889,0
25.8,-0.9669818949,-0.4997431585,0
25.81,-0.9658855549,-0.4997258496,0
25.82,-0.9647883805,-0.4997079581,0
25.83,-0.9636902625,-0.49968948,0
25.84,-0.9625910911,-0.4996704109,0
25.85,-0.9614907562,-0.4996507458,0
25.86,-0.9603891473,-0.4996304794,0
25.87,-0.9592861535,-0.4996096067,0
25.88,-0.9581816639,-0.4995881216,0
25.89,-0.9570755672,-0.4995660182,0
25.9,-0.9559677516,-0.49954329,0
25.91,-0.9548581057,-0.4995199305,0
25.92,-0.9537465175,-0.4994959324,0
25.93,-0.9526328751,-0.4994712886,0
25.94,-0.9515170666,-0.4994459915,0
25.95,-0.9503989798,-0.4994200331,0
25.96,-0.9492785029,-0.4993934051,0
25.97,-0.9481555237,-0.4993660991,0
25.98,-0.9470299305,-0.4993381061,0
25.99,-0.9459016116,-0.499309417,0
26,-0.9447704552,-0.4992800225,0
26.01,-0.9436363503,-0.4992499127,0
26.02,-0.9424991854,-0.4992190775,0
26.03,-0.9413588499,-0.4991875067,0
26.04,-0.9402152333,-0.4991551896,0
26.05,-0.9390682252,-0.4991221154,0
26.06,-0.9379177161,-0.4990882726,0
26.07,-0.9367635966,-0.4990536498,0
26.08,-0.9356057579,-0.4990182355,0
26.09,-0.9344440915,-0.4989820173,0
26.1,-0.9332784898,-0.4989449831,0
26.11,-0.9321088455,-0.49890712,0
26.12,-0.9309350522,-0.4988684154,0
26.13,-0.9297570041,-0.498828856,0
26.14,-0.9285745958,-0.4987884285,0
26.15,-0.9273877231,-0.4987471191,0
26.16,-0.9261962823,-0.4987049139,0
26.17,-0.9250001707,-0.4986617988,0
26.18,-0.9237992863,-0.4986177592,0
26.19,-0.9225935283,-0.4985727806,0
26.2,-0.9213827964,-0.4985268481,0
26.21,-0.9201669919,-0.4984799464,0
26.22,-0.9189460165,-0.4984320601,0
26.23,-0.9177197732,-0.4983831738,0
26.24,-0.9164881665,-0.4983332715,0
26.25,-0.9152511013,-0.4982823373,0
26.26,-0.9140084843,-0.4982303546,0
26.27,-0.9127602232,-0.4981773073,0
26.28,-0.9115062269,-0.4981231786,0
26.29,-0.9102464057,-0.4980679516,0
26.3,-0.9089806711,-0.4980116093,0
26.31,-0.9077089363,-0.4979541344,0
26.32,-0.9064311154,-0.4978955095,0
26.33,-0.9051471243,-0.497835717,0
26.34,-0.9038568804,-0.497774739,0
26.35,-0.9025603025,-0.4977125578,0
26.36,-0.901257311,-0.4976491552,0
26.37,-0.8999478278,-0.4975845128,0
26.38,-0.8986317766,-0.4975186126,0
26.39,-0.8973090827,-0.4974514357,0
26.4,-0.8959796729,-0.4973829636,0
26.41,-0.8946434763,-0.4973131775,0
26.42,-0.893300423,-0.4972420586,0
26.43,-0.8919504455,-0.4971695877,0
26.44,-0.8905934779,-0.4970957459,0
26.45,-0.8892294561,-0.4970205138,0
26.46,-0.8878583183,-0.4969438722,0
26.47,-0.8864800041,-0.4968658016,0
26.48,-0.8850944554,-0.4967862826,0
26.49,-0.8837016162,-0.4967052957,0
26.5,-0.8823014322,-0.4966228213,0
26.51,-0.8808938514,-0.4965388397,0
26.52,-0.8794788238,-0.4964533313,0
26.53,-0.8780563017,-0.4963662763,0
26.54,-0.8766262392,-0.4962776549,0
26.55,-0.8751885932,-0.4961874473,0
26.56,-0.8737433222,-0.4960956338,0
26.57,-0.8722903872,-0.4960021945,0
26.58,-0.8708297515,-0.4959071097,0
26.59,-0.8693613808,-0.4958103594,0
26.6,-0.8678852428,-0.4957119241,0
26.61,-0.866401308,-0.4956117838,0
26.62,-0.8649095488,-0.4955099189,0
26.63,-0.8634099405,-0.4954063097,0
26.64,-0.8619024604,-0.4953009367,0
26.65,-0.8603870886,-0.4951937801,0
26.66,-0.8588638075,-0.4950848206,0
26.67,-0.8573326021,-0.4949740387,0
26.68,-0.8557934597,-0.4948614152,0
26.69,-0.8542463705,-0.4947469308,0
26.7,-0.852691327,-0.4946305664,0
26.71,-0.8511283245,-0.494512303,0
26.72,-0.8495573607,-0.4943921217,0
26.73,-0.8479784361,-0.4942700038,0
26.74,-0.8463915537,-0.4941459307,0
26.75,-0.8447967194,-0.494019884,0
26.76,-0.8431939415,-0.4938918455,0
26.77,-0.8415832313,-0.4937617969,0
26.78,-0.8399646025,-0.4936297205,0
26.79,-0.8383380717,-0.4934955985,0
26.8,-0.8367036584,-0.4933594134,0
26.81,-0.8350613847,-0.4932211479,0
26.82,-0.8334112752,-0.493080785,0
26.83,-0.8317533579,-0.4929383077,0
26.84,-0.8300876633,-0.4927936996,0
26.85,-0.8284142244,-0.4926469444,0
26.86,-0.8267330774,-0.4924980258,0
26.87,-0.8250442613,-0.4923469282,0
26.88,-0.8233478178,-0.492193636,0
26.89,-0.8216437915,-0.4920381341,0
26.9,-0.8199322299,-0.4918804077,0
26.91,-0.8182131832,-0.491720442,0
26.92,-0.8164867047,-0.4915582229,0
26.93,-0.8147528502,-0.4913937365,0
26.94,-0.8130116789,-0.4912269693,0
26.95,-0.8112632524,-0.491057908,0
26.96,-0.8095076353,-0.49088654,0
26.97,-0.807744895,-0.4907128527,0
26.98,-0.8059751021,-0.4905368343,0
26.99,-0.8041983297,-0.4903584729,0
27,-0.8024146538,-0.4901777577,0
27.01,-0.8006241534,-0.4899946777,0
27.02,-0.7988269104,-0.4898092226,0
27.03,-0.7970230092,-0.4896213827,0
27.04,-0.7952125376,-0.4894311486,0
27.05,-0.7933955856,-0.4892385113,0
27.06,-0.7915722467,-0.4890434625,0
27.07,-0.7897426164,-0.4888459943,0
27.08,-0.7879067938,-0.4886460992,0
27.09,-0.7860648802,-0.4884437705,0
27.1,-0.7842169802,-0.4882390019,0
27.11,-0.7823632006,-0.4880317875,0
27.12,-0.7805036514,-0.4878221222,0
27.13,-0.7786384451,-0.4876100014,0
27.14,-0.7767676969,-0.4873954211,0
27.15,-0.7748915248,-0.4871783777,0
27.16,-0.7730100495,-0.4869588685,0
27.17,-0.7711233942,-0.4867368913,0
27.18,-0.7692316848,-0.4865124447,0
27.19,-0.7673350498,-0.4862855276,0
27.2,-0.7654336204,-0.4860561398,0
27.21,-0.7635275302,-0.4858242818,0
27.22,-0.7616169154,-0.4855899548,0
27.23,-0.7597019146,-0.4853531604,0
27.24,-0.7577826691,-0.4851139014,0
27.25,-0.7558593223,-0.4848721809,0
27.26,-0.7539320202,-0.484628003,0
27.27,-0.7520009114,-0.4843813725,0
27.28,-0.7500661464,-0.4841322949,0
27.29,-0.7481278782,-0.4838807765,0
27.3,-0.7461862621,-0.4836268244,0
27.31,-0.7442414556,-0.4833704466,0
27.32,-0.7422936184,-0.4831116518,0
27.33,-0.7403429122,-0.4828504494,0
27.34,-0.7383895012,-0.48258685,0
27.35,-0.736433551,-0.4823208648,0
27.36,-0.7344752299,-0.482052506,0
27.37,-0.7325147077,-0.4817817865,0
27.38,-0.7305521564,-0.4815087202,0
27.39,-0.7285877495,-0.4812333221,0
27.4,-0.7266216627,-0.4809556077,0
27.41,-0.7246540734,-0.4806755939,0
27.42,-0.7226851606,-0.480393298,0
27.43,-0.7207151049,-0.4801087386,0
27.44,-0.7187440886,-0.4798219351,0
27.45,-0.7167722957,-0.4795329079,0
27.46,-0.7147999115,-0.4792416782,0
27.47,-0.7128271226,-0.4789482685,0
27.48,-0.7108541175,-0.4786527017,0
27.49,-0.7088810855,-0.4783550022,0
27.5,-0.7069082173,-0.4780551948,0
27.51,-0.7049357049,-0.4777533058,0
27.52,-0.7029637415,-0.4774493619,0
27.53,-0.7009925209,-0.4771433912,0
27.54,-0.6990222388,-0.4768354225,0
27.55,-0.6970530909,-0.4765254855,0
27.56,-0.6950852743,-0.476213611,0
27.57,-0.6931189869,-0.4758998305,0
27.58,-0.6911544273,-0.4755841766,0
27.59,-0.6891917947,-0.4752666826,0
27.6,-0.6872312888,-0.474947383,0
27.61,-0.6852731103,-0.474626313,0
27.62,-0.6833174599,-0.4743035086,0
27.63,-0.6813645389,-0.4739790067,0
27.64,-0.679414549,-0.4736528453,0
27.65,-0.6774676921,-0.473325063,0
27.66,-0.6755241704,-0.4729956992,0
27.67,-0.673584186,-0.4726647943,0
27.68,-0.6716479413,-0.4723323894,0
27.69,-0.6697156384,-0.4719985264,0
27.7,-0.6677874797,-0.4716632481,0
27.71,-0.665863667,-0.4713265978,0
27.72,-0.6639444023,-0.4709886198,0
27.73,-0.662029887,-0.470649359,0
27.74,-0.660120322,-0.470308861,0
27.75,-0.6582159081,-0.4699671723,0
27.76,-0.6563168455,-0.4696243397,0
27.77,-0.6544233335,-0.4692804111,0
27.78,-0.6525355708,-0.4689354347,0
27.79,-0.6506537556,-0.4685894595,0
27.8,-0.6487780853,-0.468242535,0
27.81,-0.6469087558,-0.4678947113,0
27.82,-0.6450459626,-0.467546039,0
27.83,-0.6431898999,-0.4671965695,0
27.84,-0.6413407608,-0.4668463545,0
27.85,-0.6394987373,-0.4664954461,0
27.86,-0.6376640199,-0.4661438971,0
27.87,-0.6358367979,-0.4657917606,0
27.88,-0.6340172589,-0.4654390902,0
27.89,-0.6322055895,-0.4650859398,0
27.9,-0.630401974,-0.4647323638,0
27.91,-0.6286065958,-0.4643784168,0
27.92,-0.6268196359,-0.4640241539,0
27.93,-0.6250412738,-0.4636696304,0
27.94,-0.6232716872,-0.4633149018,0
27.95,-0.6215110515,-0.4629600241,0
27.96,-0.6197595403,-0.4626050532,0
27.97,-0.618017325,-0.4622500454,0
27.98,-0.6162845748,-0.4618950572,0
27.99,-0.6145614568,-0.461540145,0
28,-0.6128481355,-0.4611853655,0
28.01,-0.611144773,-0.4608307756,0
28.02,-0.6094515293,-0.4604764319,0
28.03,-0.6077685613,-0.4601223914,0
28.04,-0.6060960236,-0.459768711,0
28.05,-0.604434068,-0.4594154474,0
28.06,-0.6027828435,-0.4590626572,0
28.07,-0.6011424964,-0.4587103975,0
28.08,-0.59951317,-0.4583587244,0
28.09,-0.5978950045,-0.4580076945,0
28.1,-0.5962881371,-0.4576573642,0
28.11,-0.594692702,-0.4573077893,0
28.12,-0.5931088301,-0.4569590258,0
28.13,-0.5915366491,-0.456611129,0
28.14,-0.5899762832,-0.4562641544,0
28.15,-0.5884278534,-0.4559181567,0
28.16,-0.5868914774,-0.4555731907,0
28.17,-0.5853672689,-0.4552293105,0
28.18,-0.5838553384,-0.4548865698,0
28.19,-0.5823557926,-0.454545022,0
28.2,-0.5808687347,-0.45420472,0
28.21,-0.5793942637,-0.4538657162,0
28.22,-0.5779324751,-0.4535280623,0
28.23,-0.5764834605,-0.4531918096,0
28.24,-0.5750473075,-0.4528570089,0
28.25,-0.5736240997,-0.4525237101,0
28.26,-0.5722139165,-0.4521919627,0
28.27,-0.5708168334,-0.4518618153,0
28.28,-0.5694329214,-0.451533316,0
28.29,-0.5680622478,-0.451206512,0
28.3,-0.5667048752,-0.4508814498,0
28.31,-0.5653608619,-0.4505581751,0
28.32,-0.5640302619,-0.4502367326,0
28.33,-0.5627131248,-0.4499171665,0
28.34,-0.5614094957,-0.4495995198,0
28.35,-0.5601194151,-0.4492838345,0
28.36,-0.5588429191,-0.4489701521,0
28.37,-0.5575800388,-0.4486585127,0
28.38,-0.5563308012,-0.4483489555,0
28.39,-0.5550952281,-0.4480415188,0
28.4,-0.5538733368,-0.4477362396,0
28.41,-0.5526651397,-0.447433154,0
28.42,-0.5514706445,-0.447132297,0
28.43,-0.5502898539,-0.4468337022,0
28.44,-0.5491227658,-0.4465374024,0
28.45,-0.5479693733,-0.4462434288,0
28.46,-0.5468296642,-0.4459518116,0
28.47,-0.5457036214,-0.4456625798,0
28.48,-0.5445912232,-0.445375761,0
28.49,-0.5434924422,-0.4450913815,0
28.5,-0.5424072463,-0.4448094662,0
28.51,-0.5413355984,-0.4445300389,0
28.52,-0.5402774559,-0.4442531216,0
28.53,-0.5392327713,-0.4439787353,0
28.54,-0.538201492,-0.4437068995,0
28.55,-0.5371835599,-0.4434376319,0
28.56,-0.536178912,-0.443170949,0
28.57,-0.53518748,-0.4429068659,0
28.58,-0.5342091902,-0.442645396,0
28.59,-0.5332439639,-0.442386551,0
28.6,-0.5322917171,-0.4421303416,0
28.61,-0.5313523602,-0.4418767761,0
28.62,-0.5304257988,-0.4416258619,0
28.63,-0.5295119329,-0.4413776044,0
28.64,-0.5286106574,-0.4411320073,0
28.65,-0.527721862,-0.4408890729,0
28.66,-0.5268454307,-0.4406488016,0
28.67,-0.5259812426,-0.4404111923,0
28.68,-0.5251291715,-0.4401762418,0
28.69,-0.5242890858,-0.4399439456,0
28.7,-0.5234608488,-0.439714297,0
28.71,-0.5226443183,-0.4394872879,0
28.72,-0.5218393472,-0.4392629084,0
28.73,-0.521045783,-0.4390411463,0
28.74,-0.5202634679,-0.4388219881,0
28.75,-0.5194922393,-0.4386054184,0
28.76,-0.5187319289,-0.4383914196,0
28.77,-0.5179823638,-0.4381799727,0
28.78,-0.5172433656,-0.4379710565,0
28.79,-0.5165147511,-0.4377646479,0
28.8,-0.5157963318,-0.4375607223,0
28.81,-0.5150879143,-0.4373592526,0
28.82,-0.5143893004,-0.4371602103,0
28.83,-0.5137002866,-0.4369635648,0
28.84,-0.5130206647,-0.4367692834,0
28.85,-0.5123502217,-0.4365773317,0
28.86,-0.5116887397,-0.4363876732,0
28.87,-0.511035996,-0.4362002696,0
28.88,-0.5103917633,-0.4360150805,0
28.89,-0.5097558094,-0.4358320636,0
28.9,-0.5091278977,-0.4356511746,0
28.91,-0.508507787,-0.4354723673,0
28.92,-0.5078952315,-0.4352955934,0
28.93,-0.5072899812,-0.4351208029,0
28.94,-0.5066917814,-0.4349479436,0
28.95,-0.5061003734,-0.4347769613,0
28.96,-0.5055154941,-0.4346078,0
28.97,-0.5049368761,-0.4344404016,0
28.98,-0.5043642484,-0.4342747063,0
28.99,-0.5037973354,-0.4341106519,0
29,-0.503235858,-0.4339481746,0
29.01,-0.5026795331,-0.4337872085,0
29.02,-0.5021280738,-0.4336276859,0
29.03,-0.5015811896,-0.4334695371,0
29.04,-0.5010385865,-0.4333126903,0
29.05,-0.5004999668,-0.4331570721,0
29.06,-0.4999650296,-0.433002607,0
29.07,-0.4994334705,-0.4328492176,0
29.08,-0.4989049823,-0.4326968248,0
29.09,-0.4983792545,-0.4325453475,0
29.1,-0.4978559734,-0.4323947027,0
29.11,-0.497334823,-0.4322448057,0
29.12,-0.4968154841,-0.4320955698,0
29.13,-0.496297635,-0.4319469068,0
29.14,-0.4957809516,-0.4317987266,0
29.15,-0.4952651073,-0.431650937,0
29.16,-0.4947497733,-0.4315034446,0
29.17,-0.4942346187,-0.4313561541,0
29.18,-0.4937193106,-0.4312089683,0
29.19,-0.4932035142,-0.4310617886,0
29.2,-0.492686893,-0.4309145145,0
29.21,-0.4921691089,-0.4307670441,0
29.22,-0.4916498224,-0.430619274,0
29.23,-0.4911286924,-0.430471099,0
29.24,-0.490605377,-0.4303224123,0
29.25,-0.4900795332,-0.430173106,0
29.26,-0.4895508168,-0.4300230704,0
29.27,-0.4890188833,-0.4298721945,0
29.28,-0.4884833872,-0.4297203657,0
29.29,-0.4879439828,-0.4295674704,0
29.3,-0.4874003242,-0.4294133933,0
29.31,-0.4868520652,-0.4292580179,0
29.32,-0.4862988595,-0.4291012267,0
29.33,-0.4857403611,-0.4289429006,0
29.34,-0.4851762245,-0.4287829195,0
29.35,-0.4846061044,-0.4286211621,0
29.36,-0.4840296562,-0.428457506,0
29.37,-0.4834465364,-0.4282918278,0
29.38,-0.4828564018,-0.428124003,0
29.39,-0.4822589111,-0.4279539061,0
29.4,-0.4816537239,-0.4277814107,0
29.41,-0.4810405011,-0.4276063893,0
29.42,-0.4804189054,-0.427428714,0
29.43,-0.4797886014,-0.4272482556,0
29.44,-0.4791492553,-0.4270648845,0
29.45,-0.4785005355,-0.4268784701,0
29.46,-0.477842113,-0.4266888813,0
29.47,-0.4771736607,-0.4264959862,0
29.48,-0.4764948544,-0.4262996527,0
29.49,-0.4758053726,-0.4260997478,0
29.5,-0.4751048969,-0.425896138,0
29.51,-0.4743931115,-0.4256886897,0
29.52,-0.4736697042,-0.4254772685,0
29.53,-0.4729343662,-0.4252617401,0
29.54,-0.4721867922,-0.4250419698,0
29.55,-0.4714266805,-0.4248178224,0
29.56,-0.4706537338,-0.4245891629,0
29.57,-0.4698676582,-0.4243558559,0
29.58,-0.4690681643,-0.4241177662,0
29.59,-0.4682549672,-0.4238747584,0
29.6,-0.4674277865,-0.4236266972,0
29.61,-0.4665863463,-0.4233734475,0
29.62,-0.4657303757,-0.4231148742,0
29.63,-0.4648596089,-0.4228508425,0
29.64,-0.4639737851,-0.422581218,0
29.65,-0.4630726491,-0.4223058663,0
29.66,-0.4621559507,-0.4220246539,0
29.67,-0.4612234458,-0.4217374473,0
29.68,-0.4602748958,-0.4214441135,0
29.69,-0.4593100682,-0.4211445206,0
29.7,-0.4583287366,-0.4208385368,0
29.71,-0.4573306806,-0.4205260312,0
29.72,-0.4563156863,-0.4202068736,0
29.73,-0.4552835466,-0.4198809345,0
29.74,-0.4542340604,-0.4195480857,0
29.75,-0.4531670341,-0.4192081994,0
29.76,-0.4520822806,-0.4188611493,0
29.77,-0.45097962,-0.4185068097,0
29.78,-0.4498588797,-0.4181450563,0
29.79,-0.4487198943,-0.4177757659,0
29.8,-0.4475625059,-0.4173988167,0
29.81,-0.4463865642,-0.4170140879,0
29.82,-0.4451919267,-0.4166214605,0
29.83,-0.4439784587,-0.4162208166,0
29.84,-0.4427460334,-0.41581204,0
29.85,-0.4414945321,-0.4153950159,0
29.86,-0.4402238443,-0.4149696313,0
29.87,-0.4389338679,-0.414535775,0
29.88,-0.4376245092,-0.4140933372,0
29.89,-0.4362956829,-0.4136422103,0
29.9,-0.4349473125,-0.4131822883,0
29.91,-0.43357933,-0.4127134675,0
29.92,-0.4321916764,-0.4122356461,0
29.93,-0.4307843017,-0.4117487242,0
29.94,-0.4293571646,-0.4112526044,0
29.95,-0.4279102334,-0.4107471912,0
29.96,-0.426443485,-0.4102323917,0
29.97,-0.4249569061,-0.4097081153,0
29.98,-0.4234504923,-0.4091742735,0
29.99,-0.4219242489,-0.408630781,0
30,-0.4203781907,-0.4080775543,0
30.01,-0.418812342,-0.407514513,0
30.02,-0.4172267365,-0.4069415793,0
30.03,-0.4156214179,-0.4063586782,0
30.04,-0.4139964396,-0.4057657375,0
30.05,-0.4123518645,-0.4051626879,0
30.06,-0.4106877658,-0.4045494629,0
30.07,-0.4090042262,-0.4039259995,0
30.08,-0.4073013384,-0.4032922373,0
30.09,-0.405579205,-0.4026481196,0
30.1,-0.4038379389,-0.4019935923,0
30.11,-0.4020776626,-0.4013286052,0
30.12,-0.400298509,-0.4006531112,0
30.13,-0.3985006207,-0.3999670667,0
30.14,-0.3966841505,-0.3992704314,0
30.15,-0.3948492615,-0.3985631689,0
30.16,-0.3929961264,-0.3978452463,0
30.17,-0.3911249283,-0.3971166346,0
30.18,-0.3892358605,-0.3963773082,0
30.19,-0.3873291259,-0.3956272456,0
30.2,-0.3854049377,-0.3948664291,0
30.21,-0.3834635192,-0.3940948451,0
30.22,-0.3815051034,-0.3933124839,0
30.23,-0.3795299335,-0.3925193401,0
30.24,-0.3775382626,-0.3917154123,0
30.25,-0.3755303534,-0.3909007034,0
30.26,-0.3735064788,-0.3900752206,0
30.27,-0.3714669211,-0.3892389754,0
30.28,-0.3694119727,-0.3883919838,0
30.29,-0.3673419352,-0.3875342665,0
30.3,-0.3652571201,-0.3866658483,0
30.31,-0.3631578482,-0.3857867589,0
30.32,-0.36104445,-0.3848970327,0
30.33,-0.3589172648,-0.3839967089,0
30.34,-0.3567766415,-0.3830858313,0
30.35,-0.3546229381,-0.3821644487,0
30.36,-0.3524565216,-0.381232615,0
30.37,-0.3502777677,-0.3802903887,0
30.38,-0.3480870611,-0.3793378337,0
30.39,-0.3458847951,-0.3783750191,0
30.4,-0.3436713713,-0.3774020187,0
30.41,-0.3414472001,-0.3764189119,0
30.42,-0.3392126996,-0.3754257835,0
30.43,-0.3369682965,-0.3744227234,0
30.44,-0.3347144251,-0.3734098269,0
30.45,-0.3324515275,-0.372387195,0
30.46,-0.3301800533,-0.3713549342,0
30.47,-0.3279004597,-0.3703131565,0
30.48,-0.325613211,-0.3692619795,0
30.49,-0.3233187784,-0.3682015266,0
30.5,-0.3210176399,-0.3671319269,0
30.51,-0.3187102804,-0.3660533154,0
30.52,-0.3163971909,-0.3649658329,0
30.53,-0.3140788685,-0.3638696263,0
30.54,-0.3117558164,-0.3627648482,0
30.55,-0.3094285434,-0.3616516573,0
30.56,-0.3070975638,-0.3605302187,0
30.57,-0.3047633969,-0.3594007032,0
30.58,-0.3024265672,-0.3582632881,0
30.59,-0.3000876035,-0.3571181567,0
30.6,-0.2977470393,-0.3559654988,0
30.61,-0.2954054119,-0.3548055105,0
30.62,-0.2930632625,-0.3536383941,0
30.63,-0.2907211358,-0.3524643588,0
30.64,-0.2883795797,-0.3512836196,0
30.65,-0.2860391448,-0.3500963987,0
30.66,-0.2837003842,-0.3489029244,0
30.67,-0.2813638536,-0.3477034316,0
30.68,-0.2790301101,-0.3464981622,0
30.69,-0.2766997127,-0.3452873641,0
30.7,-0.2743732216,-0.3440712921,0
30.71,-0.2720511977,-0.3428502073,0
30.72,-0.2697342027,-0.3416243772,0
30.73,-0.2674227987,-0.3403940759,0
30.74,-0.2651175473,-0.3391595836,0
30.75,-0.2628190101,-0.3379211868,0
30.76,-0.2605277481,-0.3366791781,0
30.77,-0.2582443207,-0.335433856,0
30.78,-0.2559692867,-0.3341855252,0
30.79,-0.2537032025,-0.3329344957,0
30.8,-0.251446623,-0.3316810835,0
30.81,-0.2492001006,-0.3304256099,0
30.82,-0.2469641849,-0.3291684014,0
30.83,-0.2447394229,-0.3279097899,0
30.84,-0.2425263579,-0.3266501121,0
30.85,-0.2403255297,-0.3253897093,0
30.86,-0.2381374742,-0.3241289278,0
30.87,-0.2359627231,-0.3228681178,0
30.88,-0.2338018033,-0.3216076339,0
30.89,-0.2316552372,-0.3203478346,0
30.9,-0.2295235415,-0.319089082,0
30.91,-0.2274072278,-0.3178317418,0
30.92,-0.2253068014,-0.3165761829,0
30.93,-0.2232227621,-0.3153227769,0
30.94,-0.2211556024,-0.3140718986,0
30.95,-0.2191058088,-0.3128239246,0
30.96,-0.2170738604,-0.3115792344,0
30.97,-0.2150602291,-0.3103382088,0
30.98,-0.2130653787,-0.3091012304,0
30.99,-0.2110897655,-0.3078686833,0
31,-0.2091338373,-0.3066409524,0
31.01,-0.2071980337,-0.3054184236,0
31.02,-0.2052827852,-0.3042014828,0
31.03,-0.2033885129,-0.3029905165,0
31.04,-0.2015156291,-0.3017859106,0
31.05,-0.1996645363,-0.300588051,0
31.06,-0.1978356266,-0.2993973223,0
31.07,-0.1960292824,-0.2982141083,0
31.08,-0.1942458755,-0.2970387912,0
31.09,-0.1924857668,-0.2958717514,0
31.1,-0.1907493064,-0.2947133671,0
31.11,-0.1890368331,-0.2935640145,0
31.12,-0.1873486741,-0.2924240664,0
31.13,-0.1856851451,-0.291293893,0
31.14,-0.1840465495,-0.2901738606,0
31.15,-0.1824331788,-0.2890643323,0
31.16,-0.1808453119,-0.2879656666,0
31.17,-0.179283215,-0.2868782176,0
31.18,-0.1777471417,-0.2858023347,0
31.19,-0.176237332,-0.2847383623,0
31.2,-0.1747540129,-0.283686639,0
31.21,-0.1732973981,-0.2826474977,0
31.22,-0.1718676871,-0.2816212653,0
31.23,-0.1704650659,-0.2806082622,0
31.24,-0.169089706,-0.2796088017,0
31.25,-0.1677417653,-0.2786231901,0
31.26,-0.1664213865,-0.2776517263,0
31.27,-0.1651286982,-0.2766947012,0
31.28,-0.1638638139,-0.2757523977,0
31.29,-0.1626268325,-0.2748250901,0
31.3,-0.1614178375,-0.2739130438,0
31.31,-0.1602368975,-0.2730165153,0
31.32,-0.1590840652,-0.2721357516,0
31.33,-0.1579593787,-0.2712709899,0
31.34,-0.1568628596,-0.2704224573,0
31.35,-0.1557945141,-0.2695903704,0
31.36,-0.154754333,-0.2687749355,0
31.37,-0.1537422905,-0.2679763475,0
31.38,-0.1527583451,-0.2671947904,0
31.39,-0.1518024394,-0.2664304362,0
31.4,-0.1508744995,-0.2656834457,0
31.41,-0.1499744353,-0.2649539669,0
31.42,-0.1491021404,-0.264242136,0
31.43,-0.1482574925,-0.2635480762,0
31.44,-0.1474403521,-0.2628718978,0
31.45,-0.1466505638,-0.2622136981,0
31.46,-0.1458879558,-0.261573561,0
31.47,-0.1451523394,-0.2609515566,0
31.48,-0.14444351,-0.2603477413,0
31.49,-0.1437612459,-0.2597621572,0
31.5,-0.1431053093,-0.2591948325,0
31.51,-0.1424754459,-0.2586457803,0
31.52,-0.1418713849,-0.2581149995,0
31.53,-0.1412928391,-0.257602474,0
31.54,-0.1407395051,-0.2571081724,0
31.55,-0.1402110632,-0.2566320482,0
31.56,-0.1397071772,-0.2561740395,0
31.57,-0.1392274952,-0.255734069,0
31.58,-0.1387716489,-0.2553120434,0
31.59,-0.1383392541,-0.2549078536,0
31.6,-0.1379299111,-0.254521375,0
31.61,-0.137543204,-0.2541524662,0
31.62,-0.1371787017,-0.2538009704,0
31.63,-0.1368359572,-0.253466714,0
31.64,-0.1365145086,-0.2531495074,0
31.65,-0.1362138788,-0.2528491444,0
31.66,-0.1359335753,-0.2525654026,0
31.67,-0.1356730915,-0.2522980428,0
31.68,-0.1354319058,-0.2520468098,0
31.69,-0.1352094822,-0.2518114312,0
31.7,-0.1350052705,-0.2515916188,0
31.71,-0.1348187069,-0.2513870675,0
31.72,-0.1346492136,-0.2511974558,0
31.73,-0.1344961994,-0.2510224458,0
31.74,-0.1343590601,-0.2508616832,0
31.75,-0.1342371783,-0.2507147973,0
31.76,-0.1341299242,-0.2505814015,0
31.77,-0.1340366559,-0.2504610927,0
31.78,-0.1339567193,-0.250353452,0
31.79,-0.1338894483,-0.2502580446,0
31.8,-0.1338341662,-0.2501744201,0
31.81,-0.133790185,-0.2501021121,0
31.82,-0.1337568059,-0.2500406393,0
31.83,-0.1337333203,-0.249989505,0
31.84,-0.1337190094,-0.2499481975,0
31.85,-0.1337131455,-0.2499161903,0
31.86,-0.1337149913,-0.2498929426,0
31.87,-0.1337238013,-0.2498778992,0
31.88,-0.1337388222,-0.249870491,0
31.89,-0.1337592925,-0.249870135,0
31.9,-0.1337844439,-0.2498762354,0
31.91,-0.1338135012,-0.2498881828,0
31.92,-0.1338456834,-0.2499053556,0
31.93,-0.1338802036,-0.2499271196,0
31.94,-0.1339162699,-0.2499528289,0
31.95,-0.1339530858,-0.2499818262,0
31.96,-0.1339898507,-0.250013443,0
31.97,-0.1340257611,-0.2500470003,0
31.98,-0.1340600101,-0.2500818091,0
31.99,-0.134091789,-0.2501171705,0
32,-0.1341202873,-0.2501523768,0
32.01,-0.1341446939,-0.2501867115,0
32.02,-0.1341641974,-0.25021945,0
32.03,-0.1341779868,-0.2502498602,0
32.04,-0.1341852524,-0.2502772031,0
32.05,-0.1341851864,-0.2503007327,0
32.06,-0.134176984,-0.2503196975,0
32.07,-0.1341598435,-0.2503333405,0
32.08,-0.1341329678,-0.2503408999,0
32.09,-0.1340955646,-0.2503416094,0
32.1,-0.1340468477,-0.2503346991,0
32.11,-0.1339860373,-0.2503193961,0
32.12,-0.1339123615,-0.250294925,0
32.13,-0.1338250564,-0.2502605084,0
32.14,-0.1337233675,-0.2502153675,0
32.15,-0.1336065501,-0.2501587228,0
32.16,-0.1334738707,-0.2500897949,0
32.17,-0.1333246075,-0.2500078045,0
32.18,-0.1331580509,-0.2499119738,0
32.19,-0.1329735052,-0.2498015266,0
32.2,-0.1327702887,-0.2496756888,0
32.21,-0.1325477352,-0.2495336898,0
32.22,-0.1323051942,-0.249374762,0
32.23,-0.1320420324,-0.2491981428,0
32.24,-0.131757634,-0.2490030737,0
32.25,-0.1314514017,-0.2487888023,0
32.26,-0.131122758,-0.2485545821,0
32.27,-0.1307711453,-0.2482996734,0
32.28,-0.1303960271,-0.248023344,0
32.29,-0.1299968889,-0.2477248696,0
32.3,-0.1295732389,-0.247403535,0
32.31,-0.1291246086,-0.2470586339,0
32.32,-0.1286505539,-0.2466894703,0
32.33,-0.1281506555,-0.2462953587,0
32.34,-0.1276245202,-0.2458756247,0
32.35,-0.1270717809,-0.2454296062,0
32.36,-0.126492098,-0.2449566533,0
32.37,-0.1258851596,-0.2444561295,0
32.38,-0.1252506825,-0.2439274117,0
32.39,-0.1245884125,-0.2433698917,0
32.4,-0.1238981255,-0.242782976,0
32.41,-0.1231796276,-0.2421660869,0
32.42,-0.1224327562,-0.2415186628,0
32.43,-0.1216573802,-0.2408401594,0
32.44,-0.1208534004,-0.2401300493,0
32.45,-0.1200207506,-0.2393878235,0
32.46,-0.1191593973,-0.2386129919,0
32.47,-0.1182693411,-0.2378050832,0
32.48,-0.1173506161,-0.2369636464,0
32.49,-0.116403291,-0.2360882505,0
32.5,-0.1154274689,-0.2351784858,0
32.51,-0.1144232883,-0.2342339642,0
32.52,-0.1133909229,-0.2332543195,0
32.53,-0.1123305816,-0.2322392086,0
32.54,-0.1112425096,-0.231188311,0
32.55,-0.1101269875,-0.2301013304,0
32.56,-0.1089843323,-0.2289779949,0
32.57,-0.1078148969,-0.2278180569,0
32.58,-0.1066190705,-0.2266212946,0
32.59,-0.1053972785,-0.2253875119,0
32.6,-0.1041499824,-0.2241165386,0
32.61,-0.1028776795,-0.2228082318,0
32.62,-0.1015809033,-0.2214624756,0
32.63,-0.1002602231,-0.2200791819,0
32.64,-0.09891624334,-0.2186582907,0
32.65,-0.09754960392,-0.2171997704,0
32.66,-0.09616097954,-0.2157036189,0
32.67,-0.09475107944,-0.214169863,0
32.68,-0.09332064686,-0.2125985598,0
32.69,-0.09187045865,-0.2109897961,0
32.7,-0.09040132466,-0.2093436898,0
32.71,-0.08891408712,-0.2076603893,0
32.72,-0.08740962005,-0.2059400747,0
32.73,-0.08588882849,-0.2041829574,0
32.74,-0.08435264772,-0.2023892809,0
32.75,-0.08280204244,-0.200559321,0
32.76,-0.08123800581,-0.1986933859,0
32.77,-0.07966155858,-0.1967918168,0
32.78,-0.07807374798,-0.1948549877,0
32.79,-0.07647564665,-0.1928833062,0
32.8,-0.07486835146,-0.1908772133,0
32.81,-0.07325298232,-0.1888371837,0
32.82,-0.07163068083,-0.1867637262,0
32.83,-0.07000260895,-0.1846573837,0
32.84,-0.06836994752,-0.1825187332,0
32.85,-0.0667338948,-0.1803483863,0
32.86,-0.06509566482,-0.1781469892,0
32.87,-0.06345648576,-0.1759152224,0
32.88,-0.06181759822,-0.1736538016,0
32.89,-0.06018025335,-0.1713634769,0
32.9,-0.05854571103,-0.1690450334,0
32.91,-0.05691523787,-0.1666992912,0
32.92,-0.05529010515,-0.164327105,0
32.93,-0.05367158668,-0.1619293646,0
32.94,-0.05206095664,-0.1595069945,0
32.95,-0.05045948723,-0.1570609539,0
32.96,-0.0488684463,-0.1545922369,0
32.97,-0.0472890949,-0.152101872,0
32.98,-0.04572268472,-0.1495909224,0
32.99,-0.04417045543,-0.1470604852,0
33,-0.04263363199,-0.144511692,0
33.01,-0.04111342178,-0.1419457084,0
33.02,-0.03961101174,-0.1393637335,0
33.03,-0.03812756529,-0.1367670002,0
33.04,-0.03666421935,-0.1341567744,0
33.05,-0.03522208103,-0.1315343551,0
33.06,-0.03380222441,-0.1289010739,0
33.07,-0.03240568716,-0.1262582949,0
33.08,-0.03103346706,-0.1236074138,0
33.09,-0.02968651877,-0.1209498579,0
33.1,-0.02836575082,-0.1182870853,0
33.11,-0.02707202284,-0.1156205834,0
33.12,-0.02580614315,-0.1129518681,0
33.13,-0.02456886664,-0.1102824825,0
33.14,-0.02336089275,-0.1076139952,0
33.15,-0.02218286397,-0.1049479983,0
33.16,-0.02103536434,-0.1022861059,0
33.17,-0.01991891836,-0.09962995132,0
33.18,-0.01883399005,-0.09698118571,0
33.19,-0.01778098227,-0.09434147489,0
33.2,-0.01676023632,-0.09171249718,0
33.21,-0.01577203159,-0.0890959406,0
33.22,-0.01481658565,-0.08649350012,0
33.23,-0.0138940543,-0.08390687477,0
33.24,-0.01300453199,-0.08133776457,0
33.25,-0.01214805234,-0.07878786756,0
33.26,-0.01132458886,-0.07625887652,0
33.27,-0.01053405583,-0.07375247579,0
33.28,-0.009776309394,-0.07127033796,0
33.29,-0.009051148694,-0.06881412055,0
33.3,-0.008358317286,-0.06638546254,0
33.31,-0.007697504613,-0.06398598105,0
33.32,-0.007068347637,-0.0616172678,0
33.33,-0.006470432596,-0.05928088572,0
33.34,-0.005903296873,-0.05697836543,0
33.35,-0.005366430991,-0.0547112018,0
33.36,-0.004859280702,-0.05248085053,0
33.37,-0.004381249177,-0.05028872468,0
33.38,-0.003931699282,-0.04813619132,0
33.39,-0.003509955939,-0.04602456817,0
33.4,-0.003115308558,-0.04395512031,0
33.41,-0.002747013541,-0.04192905696,0
33.42,-0.002404296841,-0.0399475283,0
33.43,-0.002086356577,-0.03801162238,0
33.44,-0.001792365697,-0.03612236217,0
33.45,-0.001521474668,-0.03428070264,0
33.46,-0.001272814214,-0.03248752801,0
33.47,-0.001045498058,-0.03074364902,0
33.48,-0.0008386256945,-0.02904980048,0
33.49,-0.0006512851656,-0.02740663878,0
33.5,-0.0004825558357,-0.02581473973,0
33.51,-0.0003315111639,-0.02427459636,0
33.52,-0.0001972214625,-0.02278661711,0
33.53,-7.875663381e-05,-0.02135112393,0
33.54,2.481112185e-05,-0.01996835084,0
33.55,0.0001144046333,-0.01863844248,0
33.56,0.000190939129,-0.01736145294,0
33.57,0.0002553196575,-0.01613734483,0
33.58,0.0003084385656,-0.01496598849,0
33.59,0.000351173042,-0.01384716149,0
33.6,0.0003843827327,-0.01278054844,0
33.61,0.0004089074364,-0.01176574082,0
33.62,0.0004255648872,-0.01080223736,0
33.63,0.000435148631,-0.009889444444,0
33.64,0.0004384260048,-0.009026676982,0
33.65,0.000436136224,-0.008213159421,0
33.66,0.0004289885874,-0.007448027142,0
33.67,0.0004176608036,-0.00673032813,0
33.68,0.0004027974479,-0.006059024964,0
33.69,0.0003850085627,-0.005432997141,0
33.7,0.0003648684023,-0.004851043734,0
33.71,0.0003429143305,-0.004311886389,0
33.72,0.0003196458784,-0.003814172676,0
33.73,0.0002955239704,-0.003356479806,0
33.74,0.0002709703263,-0.002937318719,0
33.75,0.0002463670445,-0.002555138548,0
33.76,0.0002220563767,-0.002208331487,0
33.77,0.0001983406995,-0.001895238044,0
33.78,0.000175482691,-0.001614152718,0
33.79,0.0001537057185,-0.00136333009,0
33.8,0.0001331944475,-0.001140991338,0
33.81,0.0001140956761,-0.0009453312017,0
33.82,9.651940392e-05,-0.0007745253813,0
33.83,8.054014298e-05,-0.0006267384067,0
33.84,6.619847628e-05,-0.0005001319646,0
33.85,5.350287155e-05,-0.0003928737084,0
33.86,4.243176419e-05,-0.000303146552,0
33.87,3.293590887e-05,-0.0002291584566,0
33.88,2.494100865e-05,-0.0001691527223,0
33.89,1.835062984e-05,-0.0001214187928,0
33.9,1.30494098e-05,-8.430358388e-05,0
33.91,8.906565224e-06,-5.622334354e-05,0
33.92,5.779708273e-06,-3.567605556e-05,0
33.93,3.518977405e-06,-2.125439174e-05,0
33.94,1.971492121e-06,-1.165923325e-05,0
33.95,9.861323075e-07,-5.713732054e-06,0
33.96,4.186736438e-07,-2.378060995e-06,0
33.97,1.372024414e-07,-7.643770647e-07,0
33.98,2.809203482e-08,-1.535937276e-07,0
33.99,1.735268732e-09,-9.278517311e-09,0
34,0,0,0
